local_t,bridge_t,event_type,mission_state,event_message,x_m,y_m,yaw_rad,raw_x_m,raw_y_m,raw_yaw_rad,encoder_yaw_rad,pixhawk_yaw_rad,pixhawk_yaw_ros_rad,pixhawk_gyro_yaw_rad,pixhawk_age_s,yaw_source,use_pixhawk_yaw,pixhawk_weight,encoder_weight,pixhawk_yaw_mode,pixhawk_yaw_sign,linear_x_mps,angular_z_radps
1.1737773000495508,6884.619868188,odom,timeout,,0.4669659150146014,-0.00021504742771186192,-0.018825807809947248,0.4470239182616549,-0.858233269260172,-1.182963615793905,-1.1840833045011658,-2.8313496112823486,-0.022411267467774464,0.022411267467774464,0.1449057999998331,pixhawk_fused,True,0.8,0.2,gyro,-1.0,0.0,0.0
1.1738723000744358,6884.720118793,odom,timeout,,0.4669659150146014,-0.00021504742771186192,-0.01876870037423428,0.4470239182616549,-0.858233269260172,-1.182906508358192,-1.1840833045011658,-2.831404685974121,-0.022339883175678563,0.022339883175678563,0.07186978700065083,pixhawk_fused,True,0.8,0.2,gyro,-1.0,0.0,0.0
1.173906599986367,6884.820318694,odom,timeout,,0.4669659150146014,-0.00021504742771186192,-0.01871642203886803,0.4470239182616549,-0.858233269260172,-1.1828542300228257,-1.1840833045011658,-2.8314712047576904,-0.02227453525923194,0.02227453525923194,0.043978323000374075,pixhawk_fused,True,0.8,0.2,gyro,-1.0,0.0,0.0
1.1739355999743566,6884.920350447,odom,timeout,,0.4669659150146014,-0.00021504742771186192,-0.01871642203886803,0.4470239182616549,-0.858233269260172,-1.1828542300228257,-1.1840833045011658,-2.8314712047576904,-0.02227453525923194,0.02227453525923194,0.14432585400027165,pixhawk_fused,True,0.8,0.2,gyro,-1.0,0.0,0.0
1.1739657999714836,6885.040830977,odom,timeout,,0.4669659150146014,-0.00021504742771186192,-0.01866300583029923,0.4470239182616549,-0.858233269260172,-1.182800813814257,-1.1840833045011658,-2.83151912689209,-0.022207765001803652,0.022207765001803652,0.08700521800074057,pixhawk_fused,True,0.8,0.2,gyro,-1.0,0.0,0.0
1.173992200056091,6885.161303137,odom,timeout,,0.4669659150146014,-0.00021504742771186192,-0.018612258138572813,0.4470239182616549,-0.858233269260172,-1.1827500661225305,-1.1840833045011658,-2.8315606117248535,-0.022144330390729026,0.022144330390729026,0.09316962299999432,pixhawk_fused,True,0.8,0.2,gyro,-1.0,0.0,0.0
1.1740169000113383,6885.282274854,odom,timeout,,0.4669659150146014,-0.00021504742771186192,-0.018568738436233412,0.4470239182616549,-0.858233269260172,-1.1827065464201911,-1.1840833045011658,-2.831585645675659,-0.02208993076626213,0.02208993076626213,0.02574142200046481,pixhawk_fused,True,0.8,0.2,gyro,-1.0,0.0,0.0
1.1740476000122726,6885.400363951,odom,timeout,,0.4669659150146014,-0.00021504742771186192,-0.01853009414504614,0.4470239182616549,-0.858233269260172,-1.1826679021290039,-1.1840833045011658,-2.8316147327423096,-0.022041625405661777,0.022041625405661777,0.028452540999751363,pixhawk_fused,True,0.8,0.2,gyro,-1.0,0.0,0.0
1.1740719000808895,6885.500679446,odom,timeout,,0.4669659150146014,-0.00021504742771186192,-0.01853009414504614,0.4470239182616549,-0.858233269260172,-1.1826679021290039,-1.1840833045011658,-2.8316147327423096,-0.022041625405661777,0.022041625405661777,0.12848545999986527,pixhawk_fused,True,0.8,0.2,gyro,-1.0,0.0,0.0
2.0641825000056997,6885.619504694,odom,timeout,,0.4669659150146014,-0.00021504742771186192,-0.01850787405334664,0.4470239182616549,-0.858233269260172,-1.1826456820373044,-1.1840833045011658,-2.831636428833008,-0.022013850293122247,0.022013850293122247,0.07039433900081349,pixhawk_fused,True,0.8,0.2,gyro,-1.0,0.0,0.0
2.064251200063154,6885.719789243,odom,timeout,,0.4669659150146014,-0.00021504742771186192,-0.01848684015592994,0.4470239182616549,-0.858233269260172,-1.1826246481398877,-1.1840833045011658,-2.8316469192504883,-0.02198755792342128,0.02198755792342128,0.04354382100063958,pixhawk_fused,True,0.8,0.2,gyro,-1.0,0.0,0.0
2.064286799984984,6885.820795165,odom,timeout,,0.0,0.0,2.117156982461843e-05,0.4470239182616549,-0.858233269260172,-1.182603476570063,-1.1840833045011658,-2.8316733837127686,2.8316733837127686,0.021950872009620086,0.08775122000042757,pixhawk_fused,True,0.8,0.2,attitude,-1.0,0.0,0.0
2.0643176999874413,6885.940304822,odom,timeout,,0.0,0.0,2.6893615723277975e-05,0.4470239182616549,-0.858233269260172,-1.1825977545241644,-1.1840833045011658,-2.8316805362701416,2.8316805362701416,0.021938079325482265,0.09220643499975267,pixhawk_fused,True,0.8,0.2,attitude,-1.0,0.0,0.0
2.064341700053774,6886.040386075,odom,timeout,,0.0,0.0,4.00543212910609e-05,0.4470239182616549,-0.858233269260172,-1.1825845938185966,-1.1840833045011658,-2.8316969871520996,2.8316969871520996,0.021894721306860463,0.07373340300000564,pixhawk_fused,True,0.8,0.2,attitude,-1.0,0.0,0.0
2.0643665000097826,6886.161386292,odom,timeout,,0.0,0.0,6.103515625710543e-05,0.4470239182616549,-0.858233269260172,-1.1825636129836306,-1.1840833045011658,-2.831723213195801,2.831723213195801,0.02186209864635022,0.09012126299967349,pixhawk_fused,True,0.8,0.2,attitude,-1.0,0.0,0.0
2.0643906000768766,6886.279857632,odom,timeout,,0.0,0.0,6.732940674791799e-05,0.4470239182616549,-0.858233269260172,-1.1825573187331397,-1.1840833045011658,-2.831731081008911,2.831731081008911,0.021830332644283783,0.013249831999928574,pixhawk_fused,True,0.8,0.2,attitude,-1.0,0.0,0.0
2.0644134000176564,6886.399870254,odom,timeout,,0.0,0.0,9.040832521844955e-05,0.4470239182616549,-0.858233269260172,-1.1825342398146692,-1.1840833045011658,-2.8317599296569824,2.8317599296569824,0.021786388585343968,0.01531765199979418,pixhawk_fused,True,0.8,0.2,attitude,-1.0,0.0,0.0
2.064435900072567,6886.499957303,odom,timeout,,0.0,0.0,9.040832521844955e-05,0.4470239182616549,-0.858233269260172,-1.1825342398146692,-1.1840833045011658,-2.8317599296569824,2.8317599296569824,0.021786388585343968,0.1151756449999084,pixhawk_fused,True,0.8,0.2,attitude,-1.0,0.0,0.0
3.0743768999818712,6886.601171948,odom,timeout,,0.0,0.0,0.00010051727298088231,0.4470239182616549,-0.858233269260172,-1.1825241308669068,-1.1840833045011658,-2.831772565841675,2.831772565841675,0.02175433631334455,0.043028671999309154,pixhawk_fused,True,0.8,0.2,attitude,-1.0,0.0,0.0
3.0744442000286654,6886.711047394,odom,timeout,,0.0,0.0,0.00010051727298088231,0.4470239182616549,-0.858233269260172,-1.1825241308669068,-1.1840833045011658,-2.831772565841675,2.831772565841675,0.02175433631334455,0.15356354599953193,pixhawk_fused,True,0.8,0.2,attitude,-1.0,0.0,0.0
3.074473400018178,6886.813654876,odom,timeout,,0.0,0.0,0.0001256942749643386,0.4470239182616549,-0.858233269260172,-1.1824989538649233,-1.1840833045011658,-2.831804037094116,2.831804037094116,0.02169119471963496,0.03070536199993512,pixhawk_fused,True,0.8,0.2,attitude,-1.0,0.0,0.0
3.0744965000776574,6886.915571727,odom,timeout,,0.0,0.0,0.0001256942749643386,0.4470239182616549,-0.858233269260172,-1.1824989538649233,-1.1840833045011658,-2.831804037094116,2.831804037094116,0.02169119471963496,0.13586109100015165,pixhawk_fused,True,0.8,0.2,attitude,-1.0,0.0,0.0
3.074517900007777,6887.017920449,odom,timeout,,0.0,0.0,0.0001558303834190422,0.4470239182616549,-0.858233269260172,-1.1824688177564686,-1.1840833045011658,-2.8318417072296143,2.8318417072296143,0.021616200285963724,0.026196163999884448,pixhawk_fused,True,0.8,0.2,attitude,-1.0,0.0,0.0
3.0745388000505045,6887.139187722,odom,timeout,,0.0,0.0,0.0001558303834190422,0.4470239182616549,-0.858233269260172,-1.1824688177564686,-1.1840833045011658,-2.8318417072296143,2.8318417072296143,0.021616200285963724,0.13697546399998828,pixhawk_fused,True,0.8,0.2,attitude,-1.0,0.0,0.0
3.074562199995853,6887.253105828,odom,timeout,,0.0,0.0,0.00019664764428051207,0.4470239182616549,-0.858233269260172,-1.1824280004956071,-1.1840833045011658,-2.831892728805542,2.831892728805542,0.021535203885287058,0.042067911000231106,pixhawk_fused,True,0.8,0.2,attitude,-1.0,0.0,0.0
3.074583600042388,6887.366701062,odom,timeout,,0.0,0.0,0.00024833679247082685,0.4470239182616549,-0.858233269260172,-1.1823763113474168,-1.1840833045011658,-2.8319573402404785,2.8319573402404785,0.02145820892415942,0.013892000999476295,pixhawk_fused,True,0.8,0.2,attitude,-1.0,0.0,0.0
3.074605399975553,6887.484209233,odom,timeout,,0.0,0.0,0.0002473831181488695,0.4470239182616549,-0.858233269260172,-1.1823772650217388,-1.1840833045011658,-2.831956148147583,2.831956148147583,0.021443763392046105,0.03088915799980896,pixhawk_fused,True,0.8,0.2,attitude,-1.0,0.0,0.0
3.0746351000852883,6887.602360683,odom,timeout,,0.0,0.0,0.0002878189094364103,0.4470239182616549,-0.858233269260172,-1.1823368292304512,-1.1840833045011658,-2.8320066928863525,2.8320066928863525,0.02137021168600769,0.03181930799928523,pixhawk_fused,True,0.8,0.2,attitude,-1.0,0.0,0.0
3.9735867000417784,6887.721050339,odom,timeout,,0.0,0.0,0.0,0.4470239182616549,-0.858233269260172,-1.1823368292304512,-1.1840833045011658,-2.8320066928863525,2.8320066928863525,0.02137021168600769,0.1508477049992507,pixhawk_fused,True,0.8,0.2,attitude,-1.0,0.0,0.0
3.9736412999918684,6887.84099822,odom,timeout,,0.0,0.0,5.6266784673519865e-05,0.4470239182616549,-0.858233269260172,-1.1822805624457777,-1.1840833045011658,-2.8320770263671875,2.8320770263671875,0.021269805401563657,0.08465569200052414,pixhawk_fused,True,0.8,0.2,attitude,-1.0,0.0,0.0
3.9736666000681,6887.960723341,odom,timeout,,0.0,0.0,0.0001253128052371988,0.4470239182616549,-0.858233269260172,-1.182211516425214,-1.1840833045011658,-2.8321633338928223,2.8321633338928223,0.021156809441745295,0.09345099500023935,pixhawk_fused,True,0.8,0.2,attitude,-1.0,0.0,0.0
3.9736840000841767,6888.06197106,odom,timeout,,0.0,0.0,0.00014362335214346267,0.4470239182616549,-0.858233269260172,-1.1821932058783078,-1.1840833045011658,-2.832186222076416,2.832186222076416,0.021099818670190885,0.08271305800008122,pixhawk_fused,True,0.8,0.2,attitude,-1.0,0.0,0.0
3.9737000999739394,6888.179589676,odom,timeout,,0.0,0.0,0.00018711090108358697,0.4470239182616549,-0.858233269260172,-1.1821497183293677,-1.1840833045011658,-2.832240581512451,2.832240581512451,0.021040343258529916,0.023813120999875537,pixhawk_fused,True,0.8,0.2,attitude,-1.0,0.0,0.0
3.9737150999717414,6888.280592228,odom,timeout,,0.0,0.0,0.0002012252810164039,0.4470239182616549,-0.858233269260172,-1.1821356039494348,-1.1840833045011658,-2.8322582244873047,2.8322582244873047,0.020999167898669853,0.07556389000001218,pixhawk_fused,True,0.8,0.2,attitude,-1.0,0.0,0.0
3.9737298000836745,6888.400181368,odom,timeout,,0.0,0.0,0.00019512176536884418,0.4470239182616549,-0.858233269260172,-1.1821417074650824,-1.1840833045011658,-2.8322505950927734,2.8322505950927734,0.020996178640984013,0.047822926000662846,pixhawk_fused,True,0.8,0.2,attitude,-1.0,0.0,0.0
3.9737444000784308,6888.501226994,odom,timeout,,0.0,0.0,0.000210380554490186,0.4470239182616549,-0.858233269260172,-1.182126448675961,-1.1840833045011658,-2.8322696685791016,2.8322696685791016,0.020944934382103396,0.0355274109997481,pixhawk_fused,True,0.8,0.2,attitude,-1.0,0.0,0.0
4.335100200027227,,mission_status,navigating,going to waypoint 1/1,0.0,0.0,0.000210380554490186,,,,,,,,,,,,,,,,
4.33512940001674,6888.620872652,odom,navigating,,0.0,0.0,0.0007789611964112986,0.4470239182616549,-0.858233269260172,-1.18155786803404,-1.1840833045011658,-2.8329803943634033,2.8329803943634033,0.020425692523829652,0.046373478000532486,pixhawk_fused,True,0.8,0.2,attitude,-1.0,0.0,0.0
4.3351586000062525,6888.740858182,odom,navigating,,0.0,0.0,0.0007789611964112986,0.4470239182616549,-0.858233269260172,-1.18155786803404,-1.1840833045011658,-2.8329803943634033,2.8329803943634033,0.020425692523829652,0.1670521390005888,pixhawk_fused,True,0.8,0.2,attitude,-1.0,0.0,0.0
4.335180500056595,6888.863434274,odom,navigating,,4.43513513641468e-05,-6.311008267264519e-08,0.0008294438704528062,0.4470406585107763,-0.8582743400577058,-1.1815073853599984,-1.1834150890558066,-2.832876443862915,2.832876443862915,0.020479464258067324,0.09642515100040328,pixhawk_fused,True,0.8,0.2,attitude,-1.0,0.0024212882854044437,0.03182555362582207
4.6792925000190735,6888.981098186,odom,navigating,,0.0008067322883760775,2.388547079228522e-06,0.001960173810603205,0.4473316893014022,-0.8589789901713435,-1.180376655419848,-1.1760123650042504,-2.8324391841888428,2.8324391841888428,0.020806919842958464,0.03578067099988402,pixhawk_fused,True,0.8,0.2,attitude,-1.0,0.0051622577011585236,-0.06785301864147186
4.679358900059015,6889.081148365,odom,navigating,,0.006653470108354438,5.060609188769485e-05,0.006988490765515554,0.44959084310752045,-0.8643718458292945,-1.1753483384649357,-1.1633759437598763,-2.8355655670166016,2.8355655670166016,0.018211200360208762,0.0306467860000339,pixhawk_fused,True,0.8,0.2,attitude,-1.0,0.11350702494382858,0.20344674587249756
4.67938690003939,6889.182561567,odom,navigating,,0.018342945496752364,5.436275564583374e-05,-0.0006163298293850872,0.45402186227790975,-0.8751889581093869,-1.1829531590598363,-1.1704017634873767,-2.8278160095214844,2.8278160095214844,0.02311135992780329,0.012638701000469155,pixhawk_fused,True,0.8,0.2,attitude,-1.0,0.19102269411087036,0.4071589708328247
5.058473100070842,6889.299636515,odom,navigating,,0.0403082830722517,0.0007183737379315974,0.00405639152438475,0.4629560604503048,-0.8952662355245797,-1.1782804377060665,-1.131218062582697,-2.8238654136657715,2.8238654136657715,0.016299094263464226,0.0533843680004793,pixhawk_fused,True,0.8,0.2,attitude,-1.0,0.21992227435112,0.26270878314971924
5.05852690001484,6889.40157894,odom,navigating,,0.06013146439060707,0.001913774036798082,0.014728864661588403,0.4715706862272054,-0.9131596902547006,-1.1676079645688628,-1.1109753317587494,-2.832148551940918,2.832148551940918,0.012836071703583016,0.03551002200038056,pixhawk_fused,True,0.8,0.2,attitude,-1.0,0.22950626909732819,0.1657496839761734
5.058547200052999,6889.521036394,odom,navigating,,0.08334788267884169,0.003662902731789909,0.006559847276798703,0.4819830172040085,-0.9339838323247938,-1.1757769819536525,-1.1048383091799638,-2.8204102516174316,2.8204102516174316,0.02949158493056895,0.05172060299992154,pixhawk_fused,True,0.8,0.2,attitude,-1.0,0.2195170819759369,-0.033945243805646896
5.489647199981846,6889.621343259,odom,navigating,,0.1016966814411878,0.005040736549077246,0.004665777143676442,0.49020804227620196,-0.9504436562792267,-1.1776710520867748,-1.1143255651622193,-2.8204102516174316,2.8204102516174316,0.02949158493056895,0.15184483799930604,pixhawk_fused,True,0.8,0.2,attitude,-1.0,0.20903439819812775,-0.169533833861351
5.489713400020264,6889.741162289,odom,navigating,,0.12270988924706022,0.006252989845658162,-0.03634242247235453,0.49928900356434136,-0.9694320896646106,-1.2186792517028058,-1.1420501963044096,-2.7760891914367676,2.7760891914367676,0.08650322059169413,0.014347815999826707,pixhawk_fused,True,0.8,0.2,attitude,-1.0,0.1955086886882782,-0.27050280570983887
5.489743300015107,6889.841328857,odom,navigating,,0.13948714627419675,0.006703988179217565,-0.04797760001843798,0.5060610062058087,-0.9847885128508683,-1.2303144292488892,-1.1772013529585923,-2.7703206539154053,2.7703206539154053,0.10081147054210307,0.07017246899977181,pixhawk_fused,True,0.8,0.2,attitude,-1.0,0.19301339983940125,-0.3720903992652893
5.489767900086008,6889.962960151,odom,navigating,,0.15907524873240042,0.006469863367642006,-0.04813533511099344,0.5132635763728146,-1.0030058550096421,-1.2304721643414447,-1.2176281089294698,-2.780223846435547,2.780223846435547,0.09739510135725142,0.014373761000570084,pixhawk_fused,True,0.8,0.2,attitude,-1.0,0.18471482396125793,-0.33714935183525085
5.919961999985389,6890.08029284,odom,navigating,,0.17814347415403203,0.005469450509323771,0.03322622184067514,0.5195600415648616,-1.0210322959424105,-1.149110607389776,-1.256985702540685,-2.8917183876037598,2.8917183876037598,-0.015759907614439718,0.024852214999555144,pixhawk_fused,True,0.8,0.2,attitude,-1.0,0.1833377182483673,-0.3054083585739136
5.9200253000017256,6890.181297133,odom,navigating,,0.19355690019195665,0.004123074393435705,0.026252869629534104,0.5241520166709025,-1.035807281407632,-1.1560839596009171,-1.2920433343776512,-2.8917183876037598,2.8917183876037598,-0.015759907614439718,0.1256547299999511,pixhawk_fused,True,0.8,0.2,attitude,-1.0,0.17541995644569397,-0.40689361095428467
5.920055099995807,6890.281620647,odom,navigating,,0.20842518863595821,0.0022210072909120138,0.09451419887498957,0.5280232252744,-1.0502882207578517,-1.0878226303554617,-1.3380173907128052,-2.988034725189209,2.988034725189209,-0.11263583267852662,0.029999674999999115,pixhawk_fused,True,0.8,0.2,attitude,-1.0,0.17027245461940765,-0.4746887981891632
5.920079100062139,6890.382313921,odom,navigating,,0.22136554805678244,-6.02880152420493e-05,0.09558353902755656,0.5308132321357312,-1.0631285117174725,-1.0867532902028947,-1.4155563114137855,-3.007991075515747,3.007991075515747,-0.14369974870607255,0.013817537000250013,pixhawk_fused,True,0.8,0.2,attitude,-1.0,0.09717372059822083,-1.4843798875808716
6.35388419998344,6890.500662724,odom,navigating,,0.23199031640293902,-0.0033572967361063383,0.07128692248374024,0.5317861421421216,-1.0742104526591312,-1.111049906746711,-1.5440667223518942,-3.007991075515747,3.007991075515747,-0.14369974870607255,0.13185232100022404,pixhawk_fused,True,0.8,0.2,attitude,-1.0,0.09789137542247772,0.06772053986787796
6.353952900040895,6890.621037644,odom,navigating,,0.238041637793968,-0.005667726365991346,0.07248029382005772,0.5319398716969413,-1.0806860177214366,-1.1098565354103935,-1.5474013287872512,-3.0102174282073975,3.0102174282073975,-0.1422512246277183,0.07513851900057489,pixhawk_fused,True,0.8,0.2,attitude,-1.0,0.07575423270463943,0.06638123095035553
6.3539828000357375,6890.741124063,odom,navigating,,0.24840594962938956,-0.009399655827479314,0.10889363881718905,0.5324116139967162,-1.0916916397633742,-1.0734431904132622,-1.4924172769542854,-3.0423812866210938,3.0423812866210938,-0.18425862621329722,0.014532132000567799,pixhawk_fused,True,0.8,0.2,attitude,-1.0,0.09777262061834335,0.6087701916694641
6.354010200011544,6890.84121641,odom,navigating,,0.2578006117581778,-0.012169082443497709,0.13779325479055182,0.5334068789941694,-1.1014352965656453,-1.0445435744398994,-1.431057524846999,-3.0637741088867188,3.0637741088867188,-0.20254283856414257,0.06335250600022846,pixhawk_fused,True,0.8,0.2,attitude,-1.0,0.11322320252656937,0.6764602065086365
6.793026700033806,6890.962868407,odom,navigating,,0.27033330398193944,-0.01490981777304659,0.2024817542820725,0.5356172677267601,-1.114072313071649,-0.9798550749483788,-1.3539204008025838,-3.125558376312256,3.125558376312256,-0.26249232005141676,0.006101035000028787,pixhawk_fused,True,0.8,0.2,attitude,-1.0,0.13247889280319214,0.6648638844490051
6.793087400030345,6891.08116797,odom,navigating,,0.284273257355905,-0.01692802832525231,0.3053116916127434,0.5390293671998507,-1.1277380750733488,-0.8770251376177078,-1.293539095924113,3.0449514389038086,-3.0449514389038086,-0.3744907588865608,0.015027948999886576,pixhawk_fused,True,0.8,0.2,attitude,-1.0,0.1445794701576233,0.40722018480300903
6.793125699972734,6891.181327186,odom,navigating,,0.2967349666755738,-0.018134990101232457,0.3113940566523532,0.5426323678989469,-1.1397284604657751,-0.870942772578098,-1.2611498413069744,3.0449514389038086,-3.0449514389038086,-0.3744907588865608,0.11507692499981204,pixhawk_fused,True,0.8,0.2,attitude,-1.0,0.1445326954126358,0.1666909009218216
6.793150500045158,6891.300867123,odom,navigating,,0.3126118914767031,-0.01936535854737431,0.3470376218814817,0.5475072636128095,-1.1548884716607888,-0.8352992073489696,-1.26179784682542,3.00093412399292,-3.00093412399292,-0.4226677949335426,0.03295916300066892,pixhawk_fused,True,0.8,0.2,attitude,-1.0,0.15376578271389008,0.03318233788013458
7.093766000005417,6891.401784083,odom,navigating,,0.3266535717746867,-0.02054726348146435,0.3408723115044441,0.5517318890285035,-1.1683316195421847,-0.8414645177260072,-1.2699245903424679,3.006650447845459,-3.006650447845459,-0.4147103744354099,0.02755511200030014,pixhawk_fused,True,0.8,0.2,attitude,-1.0,0.16934362053871155,0.0
7.093829500023276,6891.520210461,odom,navigating,,0.3440315915541931,-0.022235744033909682,0.33635878818311027,0.5567513643473556,-1.185054400577537,-0.845978041047341,-1.2942499382948325,3.006650447845459,-3.006650447845459,-0.4147103744354099,0.14636347200030286,pixhawk_fused,True,0.8,0.2,attitude,-1.0,0.1444474309682846,-0.17260225117206573
7.093857300002128,6891.6205634,odom,navigating,,0.35797352867176396,-0.023912275730457747,0.32527517671633066,0.5604804367983752,-1.1985925831651252,-0.8570616525141206,-1.3111373863912597,3.0164194107055664,-3.0164194107055664,-0.40382561113499105,0.06903974299984839,pixhawk_fused,True,0.8,0.2,attitude,-1.0,0.14436638355255127,-0.1035032570362091
7.410829600063153,6891.740765376,odom,navigating,,0.37255204288310967,-0.025852026284799295,0.3075837424325065,0.564207013808532,-1.2128196114075533,-0.8747530867979447,-1.3178291851157284,3.0366053581237793,-3.0366053581237793,-0.3830866622533649,0.05425385099988489,pixhawk_fused,True,0.8,0.2,attitude,-1.0,0.13890019059181213,-0.06761899590492249
7.410892000072636,6891.840797796,odom,navigating,,0.38322838206591653,-0.027287256237206625,0.2954501361879698,0.5669225213624378,-1.2232441076585625,-0.8868866930424815,-1.3096825256682791,3.053370237350464,-3.053370237350464,-0.3687268268670887,0.09733980200053338,pixhawk_fused,True,0.8,0.2,attitude,-1.0,0.12342569231987,0.1802571564912796
7.4109208000591025,6891.940857235,odom,navigating,,0.3935179531085778,-0.028540100800903342,0.29885467795275855,0.569660331919055,-1.2332415715919225,-0.8834821512776927,-1.2914186262749543,3.05338454246521,-3.05338454246521,-0.3669535746779293,0.09099752600013744,pixhawk_fused,True,0.8,0.2,attitude,-1.0,0.11319489777088165,0.20288731157779694
7.752418500022031,6892.061758083,odom,navigating,,0.40387262655623263,-0.029565515470127188,0.3242069431691744,0.5726332857886413,-1.2432131453263306,-0.8581298860612768,-1.267081966275464,3.0277979373931885,-3.0277979373931885,-0.39252163450978694,0.09421047800060478,pixhawk_fused,True,0.8,0.2,attitude,-1.0,0.09133569151163101,0.17147326469421387
7.752480800030753,6892.18122776,odom,navigating,,0.4124714649025639,-0.030201017388218857,0.3440786699233277,0.5753020558147206,-1.2514120202578158,-0.8382581593071236,-1.2400172103675142,3.0095880031585693,-3.0095880031585693,-0.41140689384005963,0.03627363599935052,pixhawk_fused,True,0.8,0.2,attitude,-1.0,0.07484741508960724,0.16964444518089294
7.7525082000065595,6892.28149244,odom,navigating,,0.41912697433944945,-0.0305324964304185,0.3800484787465658,0.5775161357202543,-1.2576972039776289,-0.8022883504838855,-1.2204908965191732,2.9698264598846436,-2.9698264598846436,-0.4524353129770607,0.013473407000674342,pixhawk_fused,True,0.8,0.2,attitude,-1.0,0.07482270151376724,0.16956445574760437
8.068972200038843,6892.399873114,odom,navigating,,0.4270869081968283,-0.030782267224366666,0.3827141640501912,0.5802999039794283,-1.265158676134152,-0.79962266518026,-1.2062535048745475,2.9698264598846436,-2.9698264598846436,-0.4524353129770607,0.1320105640006659,pixhawk_fused,True,0.8,0.2,attitude,-1.0,0.07436201721429825,0.10108820348978043
8.507533499971032,6892.500666518,odom,navigating,,0.43335445730235095,-0.030901606498320938,0.39575811940940087,0.5825633728187052,-1.271004454308704,-0.7865787098210504,-1.1927714755659087,2.956883668899536,-2.956883668899536,-0.4656861392762512,0.053875961999438005,pixhawk_fused,True,0.8,0.2,attitude,-1.0,0.06835660338401794,0.16638575494289398
8.507590000052005,6892.62028914,odom,navigating,,0.44014761735211644,-0.030944232729511634,0.416097254476786,0.5850969211430307,-1.2773076259980698,-0.7662395747536652,-1.1812120742813073,2.9345204830169678,-2.9345204830169678,-0.4871861277129501,0.0532144970002264,pixhawk_fused,True,0.8,0.2,attitude,-1.0,0.05775538831949234,0.13802549242973328
8.507618500036187,6892.72073071,odom,navigating,,0.44544465519453247,-0.030923154896949384,0.41761788185536863,0.5871227512284756,-1.2822020173436735,-0.7647189473750826,-1.1730924685475856,2.9345204830169678,-2.9345204830169678,-0.4871861277129501,0.15330839900070714,pixhawk_fused,True,0.8,0.2,attitude,-1.0,0.06041454151272774,0.10357724130153656
8.507641299976967,6892.839623478,odom,navigating,,0.45109954500202326,-0.030833384802633423,0.4312911295524534,0.5893476966994328,-1.2874015803114587,-0.7510456996779978,-1.1596033972014113,2.920804738998413,-2.920804738998413,-0.5000783191230148,0.0886266119996435,pixhawk_fused,True,0.8,0.2,attitude,-1.0,0.05662138760089874,0.06763924658298492
8.929692400037311,6892.940705624,odom,navigating,,0.4556746276002617,-0.030703901227880276,0.44644460959339805,0.5912004055750198,-1.2915867465685094,-0.7358922196370532,-1.1447234527933572,2.905588150024414,-2.905588150024414,-0.5145820878054946,0.08244148399990081,pixhawk_fused,True,0.8,0.2,attitude,-1.0,0.05144965648651123,0.13525143265724182
8.929769100039266,6893.040920082,odom,navigating,,0.45998229745740915,-0.030519578365618222,0.4599031357584864,0.5930025817731349,-1.2955036529328072,-0.7224336934719648,-1.1325538169350635,2.8918323516845703,-2.8918323516845703,-0.5278120018150657,0.06755725799939682,pixhawk_fused,True,0.8,0.2,attitude,-1.0,0.054035648703575134,0.10146396607160568
8.929811300011352,6893.161104724,odom,navigating,,0.4654724657547365,-0.030177302967084124,0.4764034335741336,0.5953988288616542,-1.3004551274881475,-0.7059333956563176,-1.098153405993401,2.879474401473999,-2.879474401473999,-0.5404932029154151,0.012005329000203346,pixhawk_fused,True,0.8,0.2,attitude,-1.0,0.05799286812543869,0.3645598590373993
8.929836200084537,6893.261526331,odom,navigating,,0.4706921281827979,-0.029659272538363285,0.5104883179285308,0.5978552784609888,-1.3050896810539103,-0.6718485113019205,-1.064991243960439,2.845175266265869,-2.845175266265869,-0.5753117556478828,0.06788950000009208,pixhawk_fused,True,0.8,0.2,attitude,-1.0,0.06806524097919464,0.2982178330421448
9.374986300012097,,mission_status,turning,final alignment at waypoint 1/1,0.4706921281827979,-0.029659272538363285,0.5104883179285308,,,,,,,,,,,,,,,,
9.375035400036722,6893.362386384,odom,turning,,0.4758967681917298,-0.028961629890069562,0.5388991473055033,0.6004722680891647,-1.3096423009780105,-0.643437681924948,-1.0210702645019119,2.820375919342041,-2.820375919342041,-0.6020472903158516,0.014917874000275333,pixhawk_fused,True,0.8,0.2,attitude,-1.0,0.05387936905026436,0.4384055435657501
9.375077400007285,6893.480472984,odom,turning,,0.48135742951113375,-0.028012849094983444,0.5881309233071675,0.6034186559112322,-1.314336745124481,-0.5942059059232837,-1.027166768026783,2.7583630084991455,-2.7583630084991455,-0.6709609944727273,0.027296240999930887,pixhawk_fused,True,0.8,0.2,attitude,-1.0,0.0472833588719368,-0.621495246887207
9.375102800084278,6893.580559682,odom,turning,,0.48561468686797205,-0.027459224837792395,0.5241636841363566,0.6055435238059202,-1.3180671172842833,-0.6581731450940946,-1.0918743895159426,2.8221611976623535,-2.8221611976623535,-0.6123103816416116,0.012781702000211226,pixhawk_fused,True,0.8,0.2,attitude,-1.0,0.05159410834312439,-0.6781559586524963
9.375125300022773,6893.701172659,odom,turning,,0.49125916841560013,-0.027148645707181368,0.5085327136913977,0.6079688843711724,-1.3231734131498207,-0.6738041155390535,-1.17708739203613,2.8221611976623535,-2.8221611976623535,-0.6123103816416116,0.13288473300053738,pixhawk_fused,True,0.8,0.2,attitude,-1.0,0.05396278202533722,-0.7092899680137634
9.733937800046988,6893.820522929,odom,turning,,0.4966099971707181,-0.027300295977838535,0.4047994091067153,0.6098552297100561,-1.3281830106819243,-0.777537420123736,-1.2577752552233767,2.931013345718384,-2.931013345718384,-0.5017324550058694,0.06365863700011687,pixhawk_fused,True,0.8,0.2,attitude,-1.0,0.05641692504286766,-0.7415473461151123
9.733992399997078,6893.921652352,odom,turning,,0.5008970728032404,-0.027736464949535605,0.314825438359014,0.6110753443269193,-1.3323158766575585,-0.8675113908714372,-1.3227261000629638,3.026611566543579,-3.026611566543579,-0.4100221915151925,0.05467966699961835,pixhawk_fused,True,0.8,0.2,attitude,-1.0,0.04727853462100029,-0.621431827545166
9.734014400048181,6894.040670343,odom,turning,,0.5049568324054929,-0.028417319593925683,0.303498239762956,0.6119829049757148,-1.3363310410058296,-0.8788385894674953,-1.3847689563275585,3.026611566543579,-3.026611566543579,-0.4100221915151925,0.17424379000021872,pixhawk_fused,True,0.8,0.2,attitude,-1.0,0.03278500586748123,-0.4309280514717102
9.734033800079487,6894.141054376,odom,turning,,0.5081117569046805,-0.0291291702340441,0.23724743604486265,0.6125190608427611,-1.3395205263586165,-0.9450893931855886,-1.4335109350172008,3.09674072265625,-3.09674072265625,-0.3485042489673943,0.09600676100035344,pixhawk_fused,True,0.8,0.2,attitude,-1.0,0.035969801247119904,-0.4727891683578491
9.734051499981433,6894.261095241,odom,turning,,0.5111014506988483,-0.02995843532573811,0.13651717704435895,0.6128839670805967,-1.3426015640105735,-1.0458196521860923,-1.4802709015450348,-3.0735487937927246,3.0735487937927246,-0.2477723803427071,0.05151765900063765,pixhawk_fused,True,0.8,0.2,attitude,-1.0,0.023068154230713844,-0.3032091557979584
10.052067600074224,6894.362827722,odom,turning,,0.5127636094841707,-0.030488024832777877,0.10869603451025656,0.6130233998388065,-1.344340470385146,-1.0736407947201947,-1.5065592752153891,-3.045377731323242,3.045377731323242,-0.21702448033355182,0.009356561999993573,pixhawk_fused,True,0.8,0.2,attitude,-1.0,0.0192129947245121,-0.25253671407699585
10.05211400007829,6894.480673802,odom,turning,,0.5143368487538081,-0.03103503791231879,0.06761844831713426,0.6131130277564627,-1.346003681720213,-1.114718380913317,-1.531659979790308,-3.000638961791992,3.000638961791992,-0.17099293701909488,0.014010242000040307,pixhawk_fused,True,0.8,0.2,attitude,-1.0,0.01794636808335781,-0.23588810861110687
10.052139800041914,6894.580975391,odom,turning,,0.5158443282250982,-0.031600807621942895,0.04319192589955967,0.6131603891445049,-1.3476131371000268,-1.1391449033308916,-1.5559260566262907,-2.976175546646118,2.976175546646118,-0.14715617232583467,0.005614831000457343,pixhawk_fused,True,0.8,0.2,attitude,-1.0,0.017642222344875336,-0.23189041018486023
10.393057000008412,6894.700327512,odom,turning,,0.5170559936725516,-0.032087250905066894,0.03952369905785513,0.6131691231875247,-1.3489187725547926,-1.1428131301725961,-1.575600908334124,-2.976175546646118,2.976175546646118,-0.14715617232583467,0.12475484100014,pixhawk_fused,True,0.8,0.2,attitude,-1.0,0.01538336742669344,-0.20219987630844116
10.393110300065018,6894.820829859,odom,turning,,0.518911617725937,-0.03288476053730435,0.002514150472972654,0.6131338750853375,-1.3509382080730268,-1.1798226787574786,-1.6060380567380754,-2.9376628398895264,2.9376628398895264,-0.11409752421639863,0.053791256999829784,pixhawk_fused,True,0.8,0.2,attitude,-1.0,0.018009180203080177,-0.2367137223482132
10.393131699995138,6894.920906158,odom,turning,,0.5192802607823679,-0.033051863829910044,0.0013788641899941112,0.6131188504518092,-1.3513426774462083,-1.1809579650404571,-1.612135533963178,-2.9376628398895264,2.9376628398895264,-0.11409752421639863,0.1535559080002713,pixhawk_fused,True,0.8,0.2,attitude,-1.0,0.0,0.0
10.70407099998556,6895.020938774,odom,turning,,0.5192802607823679,-0.033051863829910044,-0.015523788340889189,0.6131188504518092,-1.3513426774462083,-1.1978606175713404,-1.612135533963178,-2.9168832302093506,2.9168832302093506,-0.09165877752564851,0.0765068019991304,pixhawk_fused,True,0.8,0.2,attitude,-1.0,0.0,0.0
10.704136100015603,,mission_status,reached,reached waypoint 1/1,0.5192802607823679,-0.033051863829910044,-0.015523788340889189,,,,,,,,,,,,,,,,
10.704151000012644,6895.14077744,odom,reached,,0.5192802607823679,-0.033051863829910044,-0.017144493101197922,0.6131188504518092,-1.3513426774462083,-1.1994813223316492,-1.612135533963178,-2.914889335632324,2.914889335632324,-0.08871759377978745,0.08938679999937449,pixhawk_fused,True,0.8,0.2,attitude,-1.0,0.0,0.0
10.704177599982359,,mission_status,done,mission complete,0.5192802607823679,-0.033051863829910044,-0.017144493101197922,,,,,,,,,,,,,,,,
11.752695700037293,6895.260788697,odom,done,,0.5192802607823679,-0.033051863829910044,-0.016882884060628545,0.6131188504518092,-1.3513426774462083,-1.1992197132910798,-1.612135533963178,-2.9152112007141113,2.9152112007141113,-0.08954282984696332,0.013159103000361938,pixhawk_fused,True,0.8,0.2,attitude,-1.0,0.0,0.0
11.752755800029263,6895.362968542,odom,done,,0.5192802607823679,-0.033051863829910044,-0.016882884060628545,0.6131188504518092,-1.3513426774462083,-1.1992197132910798,-1.612135533963178,-2.9152112007141113,2.9152112007141113,-0.08954282984696332,0.11500029299986636,pixhawk_fused,True,0.8,0.2,attitude,-1.0,0.0,0.0
11.752784100011922,6895.480453995,odom,done,,0.5192802607823679,-0.033051863829910044,-0.016642586651292035,0.6131188504518092,-1.3513426774462083,-1.1989794158817433,-1.612135533963178,-2.9155068397521973,2.9155068397521973,-0.08955952901951972,0.009831334999944374,pixhawk_fused,True,0.8,0.2,attitude,-1.0,0.0,0.0
11.752808000077493,6895.601381742,odom,done,,0.5192802607823679,-0.033051863829910044,-0.016642586651292035,0.6131188504518092,-1.3513426774462083,-1.1989794158817433,-1.612135533963178,-2.9155068397521973,2.9155068397521973,-0.08955952901951972,0.13060424400009651,pixhawk_fused,True,0.8,0.2,attitude,-1.0,0.0,0.0
11.752830000012182,6895.719756632,odom,done,,0.5192802607823679,-0.033051863829910044,-0.016588906700520045,0.6131188504518092,-1.3513426774462083,-1.1989257359309713,-1.612135533963178,-2.9155728816986084,2.9155728816986084,-0.0895936662917957,0.04918794999957754,pixhawk_fused,True,0.8,0.2,attitude,-1.0,0.0,0.0
11.752860400010832,6895.82109161,odom,done,,0.5192802607823679,-0.033051863829910044,-0.016544916105380558,0.6131188504518092,-1.3513426774462083,-1.1988817453358318,-1.612135533963178,-2.9156270027160645,2.9156270027160645,-0.08962068809475754,0.050083737000022666,pixhawk_fused,True,0.8,0.2,attitude,-1.0,0.0,0.0
11.752882500062697,6895.940555603,odom,done,,0.5192802607823679,-0.033051863829910044,-0.016544916105380558,0.6131188504518092,-1.3513426774462083,-1.1988817453358318,-1.612135533963178,-2.9156270027160645,2.9156270027160645,-0.08962068809475754,0.1696080769997934,pixhawk_fused,True,0.8,0.2,attitude,-1.0,0.0,0.0
11.752901999978349,6896.040958297,odom,done,,0.5192802607823679,-0.033051863829910044,-0.01651720389149891,0.6131188504518092,-1.3513426774462083,-1.1988540331219502,-1.612135533963178,-2.915661096572876,2.915661096572876,-0.08967261169664566,0.09381846700034657,pixhawk_fused,True,0.8,0.2,attitude,-1.0,0.0,0.0
11.752920800005086,6896.161878697,odom,done,,0.5192802607823679,-0.033051863829910044,-0.016464298590923798,0.6131188504518092,-1.3513426774462083,-1.198801127821375,-1.612135533963178,-2.9157261848449707,2.9157261848449707,-0.08976073624845597,0.10550174699983472,pixhawk_fused,True,0.8,0.2,attitude,-1.0,0.0,0.0
11.752939600031823,6896.281187373,odom,done,,0.5192802607823679,-0.033051863829910044,-0.016450733094355074,0.6131188504518092,-1.3513426774462083,-1.1987875623248063,-1.612135533963178,-2.915742874145508,2.915742874145508,-0.08977991627808664,0.030205314999875554,pixhawk_fused,True,0.8,0.2,attitude,-1.0,0.0,0.0
