local_t,bridge_t,event_type,mission_state,mission_index,mission_total,event_message,x_m,y_m,yaw_rad,raw_x_m,raw_y_m,raw_yaw_rad,encoder_yaw_rad,pixhawk_yaw_rad,pixhawk_yaw_ros_rad,pixhawk_gyro_yaw_rad,pixhawk_age_s,yaw_source,use_pixhawk_yaw,pixhawk_weight,encoder_weight,pixhawk_yaw_mode,pixhawk_yaw_sign,linear_x_mps,angular_z_radps,cmd_linear_x_mps,cmd_angular_z_radps,cmd_age_s,actual_left_mps,actual_right_mps,cmd_left_mps,cmd_right_mps,turn_abs_balance_error_mps,turn_linear_leak_ratio,nearest_segment,along_track_m,segment_progress_m,segment_ratio,nearest_path_x_m,nearest_path_y_m,nearest_path_yaw_rad,cross_track_error_m,signed_cross_track_error_m,heading_error_rad,distance_to_waypoint_m,turn_kind,turn_target_yaw_rad,turn_yaw_error_rad
1.0483686999650672,1440.104441321,odom,idle,,2,,0.43499648466557017,0.08098864255072691,-0.13981898532379378,0.18689587445847602,0.04686380558226028,-0.6671043304028923,-0.6604538628961567,-3.067444324493408,-0.03526313170418153,0.03526313170418153,0.00277369000014005,pixhawk_fused,True,0.8,0.2,gyro,-1.0,0.0,0.0,0.0,0.0,18.946965612999975,0.0,0.0,0.0,0.0,,,1,0.35,0.35,1.0,0.35,0.0,0.0,0.11740341829654673,0.08098864255072691,0.13981898532379378,,,,
1.0484861999284476,1440.224145342,odom,idle,,2,,0.43499648466557017,0.08098864255072691,-0.13981898532379378,0.18689587445847602,0.04686380558226028,-0.6671043304028923,-0.6604538628961567,-3.067444324493408,-0.03526313170418153,0.03526313170418153,0.12263128400013557,pixhawk_fused,True,0.8,0.2,gyro,-1.0,0.0,0.0,0.0,0.0,19.066819742999996,0.0,0.0,0.0,0.0,,,1,0.35,0.35,1.0,0.35,0.0,0.0,0.11740341829654673,0.08098864255072691,0.13981898532379378,,,,
1.0485696999821812,1440.32583322,odom,idle,,2,,0.43499648466557017,0.08098864255072691,-0.13979979299586065,0.18689587445847602,0.04686380558226028,-0.6670851380749592,-0.6604538628961567,-3.0674664974212646,-0.03523914139345298,0.03523914139345298,0.04624179699999331,pixhawk_fused,True,0.8,0.2,gyro,-1.0,0.0,0.0,0.0,0.0,19.168165920999854,0.0,0.0,0.0,0.0,,,1,0.35,0.35,1.0,0.35,0.0,0.0,0.11740341829654673,0.08098864255072691,0.13979979299586065,,,,
1.0486410999437794,1440.443858334,odom,idle,,2,,0.43499648466557017,0.08098864255072691,-0.13980025308601052,0.18689587445847602,0.04686380558226028,-0.667085598165109,-0.6604538628961567,-3.0674524307250977,-0.03523971650376926,0.03523971650376926,0.11459617200011962,pixhawk_fused,True,0.8,0.2,gyro,-1.0,0.0,0.0,0.0,0.0,19.286552105000055,0.0,0.0,0.0,0.0,,,1,0.35,0.35,1.0,0.35,0.0,0.0,0.11740341829654673,0.08098864255072691,0.13980025308601052,,,,
1.0487088999943808,1440.544976829,odom,idle,,2,,0.43499648466557017,0.08098864255072691,-0.13980346147645772,0.18689587445847602,0.04686380558226028,-0.6670888065555562,-0.6604538628961567,-3.067441701889038,-0.03524372697528462,0.03524372697528462,0.0694533070000034,pixhawk_fused,True,0.8,0.2,gyro,-1.0,0.0,0.0,0.0,0.0,19.387203994999936,0.0,0.0,0.0,0.0,,,1,0.35,0.35,1.0,0.35,0.0,0.0,0.11740341829654673,0.08098864255072691,0.13980346147645772,,,,
1.0487732000183314,1440.666435163,odom,idle,,2,,0.43499648466557017,0.08098864255072691,-0.13975046572673022,0.18689587445847602,0.04686380558226028,-0.6670358108058287,-0.6604538628961567,-3.0674941539764404,-0.03517748255934577,0.03517748255934577,0.07667124199997488,pixhawk_fused,True,0.8,0.2,gyro,-1.0,0.0,0.0,0.0,0.0,19.50863812500006,0.0,0.0,0.0,0.0,,,1,0.35,0.35,1.0,0.35,0.0,0.0,0.11740341829654673,0.08098864255072691,0.13975046572673022,,,,
1.048835999914445,1440.784358115,odom,idle,,2,,0.43499648466557017,0.08098864255072691,-0.1397235781080015,0.18689587445847602,0.04686380558226028,-0.6670089231871,-0.6604538628961567,-3.067516326904297,-0.035143873171880946,0.035143873171880946,0.08627326199984964,pixhawk_fused,True,0.8,0.2,gyro,-1.0,0.0,0.0,0.0,0.0,19.62634041199999,0.0,0.0,0.0,0.0,,,1,0.35,0.35,1.0,0.35,0.0,0.0,0.11740341829654673,0.08098864255072691,0.1397235781080015,,,,
1.048895699903369,1440.884418094,odom,idle,,2,,0.43499648466557017,0.08098864255072691,-0.1397235781080015,0.18689587445847602,0.04686380558226028,-0.6670089231871,-0.6604538628961567,-3.067516326904297,-0.035143873171880946,0.035143873171880946,0.1866854599998078,pixhawk_fused,True,0.8,0.2,gyro,-1.0,0.0,0.0,0.0,0.0,19.726765128999887,0.0,0.0,0.0,0.0,,,1,0.35,0.35,1.0,0.35,0.0,0.0,0.11740341829654673,0.08098864255072691,0.1397235781080015,,,,
1.0489529999904335,1440.984999309,odom,idle,,2,,0.43499648466557017,0.08098864255072691,-0.13971226510092938,0.18689587445847602,0.04686380558226028,-0.6669976101800279,-0.6604538628961567,-3.0675132274627686,-0.035129731969907985,0.035129731969907985,0.09584360200005904,pixhawk_fused,True,0.8,0.2,gyro,-1.0,0.0,0.0,0.0,0.0,19.826392743000042,0.0,0.0,0.0,0.0,,,1,0.35,0.35,1.0,0.35,0.0,0.0,0.11740341829654673,0.08098864255072691,0.13971226510092938,,,,
1.04901149997022,1441.086532364,odom,idle,,2,,0.43499648466557017,0.08098864255072691,-0.13967460059674897,0.18689587445847602,0.04686380558226028,-0.6669599456758475,-0.6604538628961567,-3.067549467086792,-0.0350826515275986,0.0350826515275986,0.08972135800013348,pixhawk_fused,True,0.8,0.2,gyro,-1.0,0.0,0.0,0.0,0.0,19.928359959999852,0.0,0.0,0.0,0.0,,,1,0.35,0.35,1.0,0.35,0.0,0.0,0.11740341829654673,0.08098864255072691,0.13967460059674897,,,,
2.0662739999825135,1441.205094854,odom,idle,,2,,0.0,0.0,5.823167637608595e-05,0.18689587445847602,0.04686380558226028,-0.6603956312197806,-0.6604538628961567,-3.067603588104248,-0.03500986193213622,0.03500986193213622,0.031246066999983668,pixhawk_fused,True,0.8,0.2,gyro,-1.0,0.0,0.0,0.0,0.0,20.047746940000025,0.0,0.0,0.0,0.0,,,1,0.0,0.0,0.0,0.0,0.0,0.0,0.0,0.0,-5.823167637608595e-05,,,,
2.066448299912736,1441.32538649,odom,idle,,2,,0.0,0.0,8.225346581891557e-05,0.18689587445847602,0.04686380558226028,-0.6603716094303378,-0.6604538628961567,-3.0676286220550537,-0.034979834695346754,0.034979834695346754,0.03502093099996273,pixhawk_fused,True,0.8,0.2,gyro,-1.0,0.0,0.0,0.0,0.0,20.167607321999867,0.0,0.0,0.0,0.0,,,1,0.0,0.0,0.0,0.0,0.0,0.0,0.0,0.0,-8.225346581891557e-05,,,,
2.0665403999155387,1441.443854221,odom,idle,,2,,0.0,0.0,0.00012144444441430924,0.18689587445847602,0.04686380558226028,-0.6603324184517424,-0.6604538628961567,-3.067660331726074,-0.03493084597215067,0.03493084597215067,0.11197730499998215,pixhawk_fused,True,0.8,0.2,gyro,-1.0,0.0,0.0,0.0,0.0,20.28655004799998,0.0,0.0,0.0,0.0,,,1,0.0,0.0,0.0,0.0,0.0,0.0,0.0,0.0,-0.00012144444441430924,,,,
2.066622899961658,1441.54504841,odom,idle,,2,,0.0,0.0,0.00011986906757377458,0.18689587445847602,0.04686380558226028,-0.6603339938285829,-0.6604538628961567,-3.067643165588379,-0.03493281519319873,0.03493281519319873,0.05573159999994459,pixhawk_fused,True,0.8,0.2,gyro,-1.0,0.0,0.0,0.0,0.0,20.387229872000034,0.0,0.0,0.0,0.0,,,1,0.0,0.0,0.0,0.0,0.0,0.0,0.0,0.0,-0.00011986906757377458,,,,
2.0666892000008374,1441.663914692,odom,idle,,2,,0.0,0.0,0.0001252854824680405,0.18689587445847602,0.04686380558226028,-0.6603285774136887,-0.6604538628961567,-3.067631959915161,-0.03492604467459033,0.03492604467459033,0.0722539289999986,pixhawk_fused,True,0.8,0.2,gyro,-1.0,0.0,0.0,0.0,0.0,20.506619221999927,0.0,0.0,0.0,0.0,,,1,0.0,0.0,0.0,0.0,0.0,0.0,0.0,0.0,-0.0001252854824680405,,,,
2.0667649999959394,1441.764072357,odom,idle,,2,,0.0,0.0,0.00013893271096976356,0.18689587445847602,0.04686380558226028,-0.6603149301851869,-0.6604538628961567,-3.067647933959961,-0.0349089856389911,0.0349089856389911,0.053311257999894224,pixhawk_fused,True,0.8,0.2,gyro,-1.0,0.0,0.0,0.0,0.0,20.606244263000008,0.0,0.0,0.0,0.0,,,1,0.0,0.0,0.0,0.0,0.0,0.0,0.0,0.0,-0.00013893271096976356,,,,
2.0668296999065205,1441.884258135,odom,idle,,2,,0.0,0.0,0.00013893271096976356,0.18689587445847602,0.04686380558226028,-0.6603149301851869,-0.6604538628961567,-3.067647933959961,-0.0349089856389911,0.0349089856389911,0.1736889969999993,pixhawk_fused,True,0.8,0.2,gyro,-1.0,0.0,0.0,0.0,0.0,20.726605557999846,0.0,0.0,0.0,0.0,,,1,0.0,0.0,0.0,0.0,0.0,0.0,0.0,0.0,-0.00013893271096976356,,,,
2.066889900015667,1441.984552066,odom,idle,,2,,0.0,0.0,0.00018569182997085765,0.18689587445847602,0.04686380558226028,-0.6602681710661858,-0.6604538628961567,-3.0676801204681396,-0.034850536740385095,0.034850536740385095,0.08624525799996263,pixhawk_fused,True,0.8,0.2,gyro,-1.0,0.0,0.0,0.0,0.0,20.826490511999964,0.0,0.0,0.0,0.0,,,1,0.0,0.0,0.0,0.0,0.0,0.0,0.0,0.0,-0.00018569182997085765,,,,
2.066965500009246,1442.104406718,odom,idle,,2,,0.0,0.0,0.00019654513397693307,0.18689587445847602,0.04686380558226028,-0.6602573177621798,-0.6604538628961567,-3.067690849304199,-0.03483697011042396,0.03483697011042396,0.02937503599991942,pixhawk_fused,True,0.8,0.2,gyro,-1.0,0.0,0.0,0.0,0.0,20.94694182399985,0.0,0.0,0.0,0.0,,,1,0.0,0.0,0.0,0.0,0.0,0.0,0.0,0.0,-0.00019654513397693307,,,,
2.3893818999640644,,mission_status,navigating,1,2,going to waypoint 1/2,0.0,0.0,0.00019654513397693307,,,,,,,,,,,,,,,,,,,,,,,,,,,,,,,,,,,,,,,
2.3894735999638215,1442.204419207,odom,navigating,1,2,,0.0,0.0,0.0002115748386064542,0.18689587445847602,0.04686380558226028,-0.6602422880575503,-0.6604538628961567,-3.06769061088562,-0.0348181829797105,0.0348181829797105,0.022389911000118445,pixhawk_fused,True,0.8,0.2,gyro,-1.0,0.0,0.0,0.24,-0.0009434166370141379,0.0255349120000119,0.0,0.0,0.24007177513774403,0.23992822486225596,,,1,0.0,0.0,0.0,0.0,0.0,0.0,0.0,0.0,-0.0002115748386064542,0.35,,,
2.389576399931684,1442.324928815,odom,navigating,1,2,,9.902521231390553e-05,3.085545206538392e-09,0.0004922790989528858,0.18697407793593207,0.04680305849346488,-0.6599615837972038,-0.659097231937098,-3.0677061080932617,-0.03480646036844711,0.03480646036844711,0.027136857000186865,pixhawk_fused,True,0.8,0.2,gyro,-1.0,0.005160445347428322,0.0678291991353035,0.24,-0.0010155592177341073,0.04621797299978425,-1.2278556817124642e-10,0.010320890817642212,0.2400772637452852,0.23992273625471477,,,1,9.902521231390553e-05,9.902521231390553e-05,0.0002829291780397301,9.902521231390553e-05,0.0,0.0,3.085545206538392e-09,3.085545206538392e-09,-0.0004922790989528858,0.34990097478768606,,,
2.3896866999566555,1442.426085014,odom,navigating,1,2,,0.0014807934343094849,1.205394068400545e-05,0.004280532888680133,0.18807267238102882,0.0459648944954138,-0.6561733300074766,-0.640166331167286,-3.0676896572113037,-0.03480370813980709,0.03480370813980709,0.04348393099985515,pixhawk_fused,True,0.8,0.2,gyro,-1.0,0.020549042150378227,0.2700978219509125,0.24,-0.006951709357263275,0.04598279100014224,-1.4364719136406023e-10,0.041098084444403646,0.24052888604790057,0.2394711139520994,0.041098084300756454,0.9999999930095432,1,0.0014807934343094849,0.0014807934343094849,0.004230838383741386,0.0014807934343094849,0.0,0.0,1.205394068400545e-05,1.205394068400545e-05,-0.004280532888680133,0.3485192067741403,,,
2.7470787999918684,1442.544332703,odom,navigating,1,2,,0.006705633551057489,0.00027178080771341796,0.04659063872333635,0.19235813716484165,0.042964693855833805,-0.6138632241728204,-0.5725455196054786,-3.1097025871276855,0.0011813162490724484,-0.0011813162490724484,0.05234271800009083,pixhawk_fused,True,0.8,0.2,gyro,-1.0,0.06945548951625824,0.7100092768669128,0.24,-0.05061113889073096,0.013117832000034468,0.015437983732223513,0.12347299530029296,0.24385049544680681,0.23614950455319317,0.10803501156806944,1.2857959379676935,1,0.006705633551057488,0.006705633551057488,0.019158953003021395,0.006705633551057488,0.0,0.0,0.00027178080771341796,0.00027178080771341796,-0.04659063872333635,0.3432944740312437,,,
2.7472195000154898,1442.665297361,odom,navigating,1,2,,0.016895219269849843,0.0015489106774274428,0.11341990841314653,0.20118848210695367,0.03772220150695531,-0.5470339544830102,-0.49948598551857715,3.1082756519317627,0.06645446353405704,-0.06645446353405704,0.06474876199990831,pixhawk_fused,True,0.8,0.2,gyro,-1.0,0.11332714557647705,0.47392335534095764,0.24,-0.5480583050689127,0.03584705399998711,0.07727105670213699,0.1493832344508171,0.28169627584964285,0.19830372415035713,0.07211217774868012,3.1430792721705405,1,0.016895219269849843,0.016895219269849843,0.04827205505671384,0.016895219269849843,0.0,0.0,0.0015489106774274428,0.0015489106774274428,-0.11341990841314653,0.33310838186627495,,,
2.7473252000054345,1442.783871252,odom,navigating,1,2,,0.03237166934222529,0.0041572653203194795,0.11423375170575278,0.21501061077259326,0.03028763494687053,-0.5462201111904039,-0.4954130734271823,3.1082756519317627,0.06645446353405704,-0.06645446353405704,0.18386933199985833,pixhawk_fused,True,0.8,0.2,gyro,-1.0,0.15596002340316772,-0.14132238924503326,0.2345310388655708,-0.6666666666666667,0.005340273000001616,0.16671183077692986,0.1452082160294056,0.2852510388655708,0.18381103886557082,0.02150361474752427,14.505470381078476,1,0.03237166934222529,0.03237166934222529,0.0924904838349294,0.03237166934222529,0.0,0.0,0.0041572653203194795,0.0041572653203194795,-0.11423375170575278,0.3176555355906586,,,
3.067214599926956,1442.884658427,odom,navigating,1,2,,0.049104863820409524,0.006781678175040974,0.12869030162065875,0.22983505925495865,0.022094768081697063,-0.531763561275498,-0.5204441560814476,3.074694871902466,0.0907778554484247,-0.0907778554484247,0.027554465999855893,pixhawk_fused,True,0.8,0.2,gyro,-1.0,0.18788929283618927,-0.3044138550758362,0.15938273076734458,-0.6666666666666666,0.005473382999980458,0.2110490989303589,0.16472948674201965,0.21010273076734456,0.10866273076734459,0.04631961218833924,8.11273169007618,1,0.049104863820409524,0.049104863820409524,0.14029961091545579,0.049104863820409524,0.0,0.0,0.006781678175040974,0.006781678175040974,-0.12869030162065875,0.3009715503754535,,,
3.067381899920292,1443.004666755,odom,navigating,1,2,,0.06957471857073316,0.00937634610591383,0.11337591534974023,0.24759215243872315,0.011586062317714908,-0.5470779475464165,-0.5569705554394956,3.0859062671661377,0.08076637797802676,-0.08076637797802676,0.10337512699993567,pixhawk_fused,True,0.8,0.2,gyro,-1.0,0.18037135899066925,-0.4064249098300934,0.15915615587555057,-0.6384969566414005,0.024469852999800423,0.21129216613054275,0.14945055185079575,0.20773300433682831,0.11057930741427283,0.06184161427974699,5.833332816143529,1,0.06957471857073316,0.06957471857073316,0.19878491020209477,0.06957471857073316,0.0,0.0,0.00937634610591383,0.00937634610591383,-0.11337591534974023,0.2805819921715957,,,
3.0675088999560103,1443.104824567,odom,navigating,1,2,,0.08501074566994968,0.010786001876994647,0.08320094910259712,0.26064698632710687,0.003229665118718428,-0.5772529137935596,-0.5921390476425014,3.114950180053711,0.05183970218151797,-0.05183970218151797,0.02421937400004026,pixhawk_fused,True,0.8,0.2,gyro,-1.0,0.14427544176578522,-0.40636390447616577,0.14837315365085837,-0.6167753818270157,0.026143575000105557,0.1751916076183319,0.11335927591323852,0.19529742470025774,0.10144888260145901,0.06183233170509339,4.6666667029120195,1,0.08501074566994968,0.08501074566994968,0.2428878447712848,0.08501074566994968,0.0,0.0,0.010786001876994647,0.010786001876994647,-0.08320094910259712,0.26520867773677126,,,
3.42735409992747,1443.22588792,odom,navigating,1,2,,0.10236711086551727,0.01155660017214915,0.01305338241992704,0.27482629186245117,-0.006809484699356779,-0.6474004804762297,-0.6475893406592172,-3.093780517578125,-0.02198205406218779,0.02198205406218779,0.03468407099990145,pixhawk_fused,True,0.8,0.2,gyro,-1.0,0.14669017493724823,-0.304437518119812,0.15121656627134486,-0.5761486492307402,0.04621858800010159,0.16985178131580353,0.12352856855869293,0.19504995550481957,0.10738317703787015,0.0463232127571106,6.333333385419445,1,0.10236711086551725,0.10236711086551725,0.2924774596157636,0.10236711086551725,0.0,0.0,0.01155660017214915,0.01155660017214915,-0.01305338241992704,0.24790240577418754,,,
3.4276213999837637,1443.343873456,odom,navigating,1,2,,0.11909533388128354,0.011214468319744264,-0.001685324147363998,0.2878269122980902,-0.017342023223287612,-0.6621391870435207,-0.7213152496240887,-3.093780517578125,-0.02198205406218779,0.02198205406218779,0.15317560099992988,pixhawk_fused,True,0.8,0.2,gyro,-1.0,0.15179166197776794,-0.5072436332702637,0.1943000794933163,-0.4795416373419134,0.013146831999847564,0.1903827575969696,0.11320056635856629,0.23078360726228905,0.15781655172434353,0.07718219123840331,3.9333338310882633,1,0.11909533388128354,0.11909533388128354,0.340272382517953,0.11909533388128354,0.0,0.0,0.011214468319744264,0.011214468319744264,0.001685324147363998,0.2311768352043311,,,
3.42782569990959,1443.464583462,odom,navigating,1,2,,0.13870142245835335,0.009390746429902543,-0.06873963140066808,0.3021913041623461,-0.030810093507982993,-0.7291934942968248,-0.7950257833108947,-3.0288772583007812,-0.08737535453587783,0.08737535453587783,0.08248975200012865,pixhawk_fused,True,0.8,0.2,gyro,-1.0,0.17743921279907227,-0.5746175646781921,0.17992700906493575,-0.1766597820052601,0.035403395999992426,0.2211561171197891,0.13372230847835542,0.19336728527989594,0.16648673284997556,0.08743380864143369,4.058823824700373,1,0.13870142245835335,0.13870142245835335,0.3962897784524382,0.13870142245835335,0.0,0.0,0.009390746429902543,0.009390746429902543,0.06873963140066808,0.21150715115483443,,,
3.768108499934897,1443.58449005,odom,navigating,1,2,,0.15878451680991157,0.006219356283493752,-0.16378649999453387,0.31610563286932286,-0.04563506739762377,-0.8242403628906906,-0.8396524486320961,-2.922337293624878,-0.19501627308875333,0.19501627308875333,0.0882513359999848,pixhawk_fused,True,0.8,0.2,gyro,-1.0,0.18492290377616882,-0.2700708210468292,0.15586427528295857,0.29359699928173866,0.005642380999915986,0.2054698918414116,0.16437591571092605,0.1335274155776039,0.17820113498831325,0.04109397613048554,9.000000544555917,1,0.15878451680991157,0.15878451680991157,0.4536700480283188,0.15878451680991157,0.0,0.0,0.006219356283493752,0.006219356283493751,0.16378649999453387,0.19131659991804165,,,
3.7682458999333903,1443.704777097,odom,navigating,1,2,,0.17844552076338205,0.0025372472113919797,-0.19333348504241754,0.3293733174656345,-0.06060442106202862,-0.8537873479385742,-0.8444154794563757,-2.889003038406372,-0.23075907153636227,0.23075907153636227,0.03115059299989298,pixhawk_fused,True,0.8,0.2,gyro,-1.0,0.15946204960346222,0.06761224567890167,0.147736193308682,0.34006769175314433,0.02513310399990587,0.15431810995221137,0.16460598925471306,0.12186384332010279,0.17360854329726122,,,1,0.17844552076338202,0.17844552076338202,0.5098443450382344,0.17844552076338202,0.0,0.0,0.0025372472113919797,0.0025372472113919797,0.19333348504241754,0.17157324083189338,,,
3.768369699944742,1443.805259743,odom,navigating,1,2,,0.19346429771725374,-0.00013210801799523608,-0.19613332814705697,0.33959627047512553,-0.07192609718778588,-0.8565871910432137,-0.8207455287743967,-2.881073236465454,-0.24017459673434505,0.24017459673434505,0.022944039000094563,pixhawk_fused,True,0.8,0.2,gyro,-1.0,0.15688224136829376,0.37184858322143555,0.10438125995028553,0.3680807907367334,0.025697693000211075,0.12859200115680694,0.18517248157978058,0.07637767339103486,0.13238484650953622,0.056580480422973645,5.545454552365171,1,0.19346429771725374,0.19346429771725374,0.5527551363350107,0.19346429771725374,0.0,0.0,0.00013210801799523608,-0.00013210801799523608,0.19613332814705697,0.15653575802889572,,,
4.106039799982682,1443.924819384,odom,navigating,1,2,,0.20933713911190172,-0.002474221481994554,-0.14529661781170322,0.3506944447794805,-0.0835132934201819,-0.8057504807078599,-0.7808366087305747,-2.929823875427246,-0.18660713327676068,0.18660713327676068,0.01576634200000626,pixhawk_fused,True,0.8,0.2,gyro,-1.0,0.13382261991500854,0.47356945276260376,0.09523849074238201,0.3293407955883093,0.04541121300007944,0.09779345594882966,0.16985178388118743,0.07018224301402344,0.12029473847074058,0.07205832793235778,3.714286016756587,1,0.20933713911190172,0.20933713911190172,0.5981061117482906,0.20933713911190172,0.0,0.0,0.002474221481994554,-0.002474221481994554,0.14529661781170322,0.1406846196468059,,,
4.10620379995089,1444.028192446,odom,navigating,1,2,,0.22124057595815538,-0.0037587145048998682,-0.13824836346661207,0.35930674927649514,-0.09183014031845671,-0.7987022263627688,-0.7455743238304507,-2.929823875427246,-0.18660713327676068,0.18660713327676068,0.11874394599999505,pixhawk_fused,True,0.8,0.2,gyro,-1.0,0.10886082053184509,0.3732406497001648,0.09237287010388366,0.3126324881040133,0.04842849400006344,0.08046467190265656,0.13725696916103364,0.06858779040893033,0.11615794979883699,0.056792297258377075,3.833647370754587,1,0.22124057595815538,0.22124057595815538,0.6321159313090154,0.22124057595815538,0.0,0.0,0.0037587145048998682,-0.0037587145048998682,0.13824836346661207,0.12881427410934276,,,
4.106326899956912,1444.14331684,odom,navigating,1,2,,0.23214521900470098,-0.0045358082990155785,-0.10430098710714786,0.3674415693603329,-0.09913355164064157,-0.7647548500033046,-0.710468950242481,-2.9629409313201904,-0.15294886482507,0.15294886482507,0.05495636499995271,pixhawk_fused,True,0.8,0.2,gyro,-1.0,0.07988675683736801,0.23710490763187408,0.09013654364472733,0.269302096200691,0.013868789000071047,0.06184781546473503,0.097925698210001,0.06964804016577876,0.1106250471236759,0.036077882745265966,4.428572341754203,1,0.23214521900470098,0.23214521900470098,0.6632720542991457,0.23214521900470098,0.0,0.0,0.0045358082990155785,-0.0045358082990155785,0.10430098710714786,0.11794203220385559,,,
4.408277199952863,1444.243677196,odom,navigating,1,2,,0.23978815954173954,-0.004836811161766791,-0.05073673620785113,0.373292647747301,-0.10406001330045857,-0.7111905991040078,-0.6813983085390259,-3.021765947341919,-0.09326642746478328,0.09326642746478328,0.04920483699993383,pixhawk_fused,True,0.8,0.2,gyro,-1.0,0.07447413355112076,0.3038162291049957,0.08664679838013807,0.25827078506227724,0.013782920000039667,0.051359794840812684,0.09758847226142883,0.06699755705260002,0.10629603970767612,0.04622867742061615,3.2219885017912393,1,0.23978815954173952,0.23978815954173952,0.685109027262113,0.23978815954173952,0.0,0.0,0.004836811161766791,-0.004836811161766791,0.05073673620785113,0.11031792474213628,,,
4.408450199989602,1444.343851794,odom,navigating,1,2,,0.24605813888423572,-0.004901681968205757,-0.04600412436419721,0.37820434081621995,-0.10795772036661812,-0.7064579872603539,-0.6577212940063702,-3.021765947341919,-0.09326642746478328,0.09326642746478328,0.14936212099996737,pixhawk_fused,True,0.8,0.2,gyro,-1.0,0.05650422349572182,0.2025531381368637,0.08600535363347564,0.16665700997516322,0.012752580000096714,0.04109398074626923,0.0719144662451744,0.07332608831456522,0.09868461895238606,0.030820485498905176,3.666666671926955,1,0.24605813888423572,0.24605813888423572,0.7030232539549592,0.24605813888423572,0.0,0.0,0.004901681968205757,-0.004901681968205757,0.04600412436419721,0.1040573734933102,,,
4.408588999998756,1444.445916649,odom,navigating,1,2,,0.25080943290823954,-0.004851852103339757,-0.003303597753679277,0.38198707304404284,-0.11083317073317941,-0.663757460649836,-0.6400976255964435,-3.069697141647339,-0.04430069068819293,0.04430069068819293,0.05544158099996821,pixhawk_fused,True,0.8,0.2,gyro,-1.0,0.03791456297039986,0.062293898314237595,0.08088057699685856,0.08648369485174799,0.01628792900010012,0.03317524318665266,0.042653882754147054,0.07430089749253757,0.08746025650117956,,,1,0.25080943290823954,0.25080943290823954,0.7165983797378273,0.25080943290823954,0.0,0.0,0.004851852103339757,-0.004851852103339757,0.003303597753679277,0.09930915903791408,,,
4.746507899952121,1444.564505171,odom,navigating,1,2,,0.2563747753416472,-0.0047289317968223915,0.007868700381384763,0.38645750978239435,-0.11415029918580817,-0.6525851625147719,-0.6421135788389195,-3.0828676223754883,-0.029831802211701952,0.029831802211701952,0.05485668100004659,pixhawk_fused,True,0.8,0.2,gyro,-1.0,0.0385737381875515,-0.23660722374916077,0.07882673467596046,0.08380770193534329,0.03380139799992321,0.05657481577038765,0.020572660604715347,0.07245064471271954,0.08520282463920138,0.0360021551656723,2.1428571711913054,1,0.2563747753416472,0.2563747753416472,0.7324993581189921,0.2563747753416472,0.0,0.0,0.0047289317968223915,-0.0047289317968223915,-0.007868700381384763,0.09374457578050063,,,
4.746859099948779,1444.665380928,odom,navigating,1,2,,0.26219302963313246,-0.004624704640747435,0.0078670349172002,0.39111620673850483,-0.11763734506614541,-0.6525868279789565,-0.6421219065020627,-3.0828676223754883,-0.029831802211701952,0.029831802211701952,0.15558632900001612,pixhawk_fused,True,0.8,0.2,gyro,-1.0,0.061519552022218704,0.06736470758914948,0.07412688771420518,0.06873756494465132,0.03489692400012245,0.056394445068836216,0.06664465897560119,0.06889733377321611,0.07935644165519426,,,1,0.26219302963313246,0.26219302963313246,0.7491229418089499,0.26219302963313246,0.0,0.0,0.004624704640747435,-0.004624704640747435,-0.0078670349172002,0.08792867528867987,,,
4.746979999938048,1444.78416495,odom,navigating,1,2,,0.2697495665361831,-0.004470878920557725,0.006958808904109048,0.397178077094689,-0.12215161578290284,-0.6534950539920477,-0.6333417620381027,-3.078845739364624,-0.033161845874041404,0.033161845874041404,0.10228572500000155,pixhawk_fused,True,0.8,0.2,gyro,-1.0,0.07722313702106476,0.20302943885326385,0.0654847430203313,0.07823643501458405,0.005477790999975696,0.06177665731310845,0.09266961672902108,0.05953251504442175,0.07143697099624086,0.03089295941591263,4.999400412333949,1,0.2697495665361831,0.2697495665361831,0.7707130472462375,0.2697495665361831,0.0,0.0,0.004470878920557725,-0.004470878920557725,-0.006958808904109048,0.08037487685497743,,,
5.067144899978302,1444.884694331,odom,navigating,1,2,,0.27650680591698346,-0.004259516623962373,0.019213057118006582,0.40264402837458,-0.12613009974990824,-0.6412408057781501,-0.6218558024849075,-3.090585231781006,-0.020715560685843317,0.020715560685843317,0.011042468999903576,pixhawk_fused,True,0.8,0.2,gyro,-1.0,0.07532688975334167,0.1414683312177658,0.062209483016600974,0.08301173418862061,0.005306793000045218,0.06456397911429405,0.0860898003923893,0.055893950279530716,0.06852501575367123,0.021525821278095242,6.998747112148013,1,0.27650680591698346,0.27650680591698346,0.7900194454770957,0.27650680591698346,0.0,0.0,0.004259516623962373,-0.004259516623962373,-0.019213057118006582,0.07361652707370639,,,
5.067305199918337,1445.00433763,odom,navigating,1,2,,0.28415194181730274,-0.0039076939486163975,0.02634740462038143,0.40889733283737056,-0.13054236282285414,-0.6341064582757753,-0.6049502359351457,-3.0941085815429688,-0.016023334335535853,0.016023334335535853,0.023821772000019337,pixhawk_fused,True,0.8,0.2,gyro,-1.0,0.061829227954149246,0.06772391498088837,0.055732684106051686,0.060344009013394574,0.025938600000017686,0.05667679250240326,0.06698166340589523,0.05114171190031263,0.06032365631179074,,,1,0.28415194181730274,0.28415194181730274,0.8118626909065794,0.28415194181730274,0.0,0.0,0.0039076939486163975,-0.0039076939486163975,-0.02634740462038143,0.06596390557288079,,,
5.067426899913698,1445.104529459,odom,navigating,1,2,,0.2902633301774064,-0.003553265867712291,0.04655625514002382,0.413941013932592,-0.1340116520818019,-0.6138976077561329,-0.5954814687301936,-3.1170654296875,0.006869812835007819,-0.006869812835007819,0.008758106999948723,pixhawk_fused,True,0.8,0.2,gyro,-1.0,0.06943967193365097,0.1690220981836319,0.05,0.05190393778425864,0.025229570999954376,0.05658047070384026,0.08229887316346168,0.046051148413373606,0.0539488515866264,0.025718402459621426,5.399998856279902,1,0.2902633301774064,0.2902633301774064,0.8293238005068755,0.2902633301774064,0.0,0.0,0.003553265867712291,-0.003553265867712291,-0.04655625514002382,0.059842254468061365,,,
5.406403700006194,1445.224889139,odom,navigating,1,2,,0.29676578547645965,-0.003119168957650631,0.0481793104712922,0.4193424008789927,-0.13765793568278004,-0.6122745524248645,-0.5873647529473599,-3.1170654296875,0.006869812835007819,-0.006869812835007819,0.1289436030001525,pixhawk_fused,True,0.8,0.2,gyro,-1.0,0.06433574855327606,0.23675769567489624,0.05,0.021263800984054018,0.046062468999934936,0.04632322306632995,0.08234827404022217,0.04838225002113317,0.05161774997886683,0.03602505097389222,3.571722832531227,1,0.29676578547645965,0.29676578547645965,0.8479022442184563,0.29676578547645965,0.0,0.0,0.003119168957650631,-0.003119168957650631,-0.0481793104712922,0.05332551744638474,,,
5.406580599956214,1445.326144364,odom,navigating,1,2,,0.30193504988609543,-0.0027277281793573194,0.059976870704866014,0.4236647799916523,-0.1405200256929094,-0.6004769921912907,-0.582639296998197,-3.1306958198547363,0.020435017082840116,-0.020435017082840116,0.007327659999873504,pixhawk_fused,True,0.8,0.2,gyro,-1.0,0.048896726220846176,-0.03382638096809387,0.05,0.019261621057354184,0.0463148920000549,0.05147023728489876,0.04632321515679359,0.0485345758699565,0.051465424130043506,,,1,0.30193504988609543,0.30193504988609543,0.8626715711031299,0.30193504988609543,0.0,0.0,0.0027277281793573194,-0.0027277281793573194,-0.059976870704866014,0.04814228838009877,,,
5.406690999981947,1445.443967775,odom,navigating,1,2,,0.30724929666896045,-0.002317093939522147,0.061200032930667336,0.42811342841197036,-0.14345590147034237,-0.5992538299654894,-0.5880497782153356,-3.133831262588501,0.023316423404961737,-0.023316423404961737,0.04559236299996883,pixhawk_fused,True,0.8,0.2,gyro,-1.0,0.04888206347823143,-0.10144873708486557,0.05,-0.010281480924323239,0.012793098999964059,0.056600283395648,0.04116384356081486,0.05078221506872251,0.04921778493127749,,,1,0.30724929666896045,0.30724929666896045,0.8778551333398871,0.30724929666896045,0.0,0.0,0.002317093939522147,-0.002317093939522147,-0.061200032930667336,0.042813450685773094,,,
5.750151799991727,1445.565148204,odom,navigating,1,2,,0.3115856370208555,-0.0020410965309747287,0.059033791597515095,0.431707214175797,-0.14589818034481908,-0.6014200712986416,-0.5988812020817624,-3.133831262588501,0.023316423404961737,-0.023316423404961737,0.16638138999996954,pixhawk_fused,True,0.8,0.2,gyro,-1.0,0.03343057632446289,-0.033801037818193436,0.05,-0.01243476397753447,0.03554743800009419,0.036002159281671046,0.030858993367254735,0.05094603684341083,0.04905396315658918,,,1,0.3115856370208555,0.3115856370208555,0.8902446772024444,0.3115856370208555,0.0,0.0,0.0020410965309747287,-0.0020410965309747287,-0.059033791597515095,0.03846855024747127,,,
5.75026809994597,1445.684311601,odom,navigating,1,2,,0.31557792487860464,-0.0018081550882238229,0.048049473726909264,0.4350028831367143,-0.14816339339328238,-0.6124043891692474,-0.6103781863688328,-3.1207149028778076,0.01246027182415119,-0.01246027182415119,0.10813779699992665,pixhawk_fused,True,0.8,0.2,gyro,-1.0,0.028308631852269173,-0.1014791876077652,0.05,0.01147941023767398,0.0052091270001710654,0.03602916844546795,0.020588095259070398,0.04912664646911777,0.05087335353088224,,,1,0.31557792487860464,0.31557792487860464,0.9016512139388705,0.31557792487860464,0.0,0.0,0.0018081550882238229,-0.0018081550882238227,-0.048049473726909264,0.03446953264095777,,,
5.750383400009014,1445.784405082,odom,navigating,1,2,,0.3183399245266484,-0.0016746875015636042,0.033637838324255154,0.4372659516656861,-0.14975241085248797,-0.6268160245719016,-0.6157791018868906,-3.1037774085998535,-0.004203991357237188,0.004203991357237188,0.09407784499990157,pixhawk_fused,True,0.8,0.2,gyro,-1.0,0.036032773554325104,-0.06765956431627274,0.05,0.054399617592405386,0.005130554999823289,0.04118031320750713,0.030885233901143075,0.045861277093569804,0.0541387229064302,,,1,0.3183399245266484,0.3183399245266484,0.9095426415047098,0.3183399245266484,0.0,0.0,0.0016746875015636042,-0.0016746875015636042,-0.033637838324255154,0.03170433656782952,,,
6.089667799999006,1445.905889519,odom,navigating,1,2,,0.32287767805236595,-0.0014905914004708642,0.0212337730224742,0.44096241702276495,-0.15239082747965568,-0.6392200898736825,-0.6225423847973968,-3.093435049057007,-0.018018123570829717,0.018018123570829717,0.017194179999933112,pixhawk_fused,True,0.8,0.2,gyro,-1.0,0.0385756716132164,-0.033802736550569534,0.05,0.0,0.02694890700013275,0.04114738380998373,0.03600395941644907,0.05,0.05,,,1,0.32287767805236595,0.32287767805236595,0.9225076515781885,0.32287767805236595,0.0,0.0,0.0014905914004708642,-0.001490591400470864,-0.0212337730224742,0.027163251104281836,,,
6.089816699968651,1446.024644356,odom,navigating,1,2,,0.32751383095742337,-0.001313097454650497,0.018637904157080554,0.4447325394759779,-0.15509482351287296,-0.6418159587390762,-0.6198485338135533,-3.0913448333740234,-0.021936189513653604,0.021936189513653604,0.03553468199993404,pixhawk_fused,True,0.8,0.2,gyro,-1.0,0.04387478902935982,0.03392311930656433,0.05,0.0,0.04607314000008955,0.041293918112516405,0.04645565994620323,0.05,0.05,,,1,0.32751383095742337,0.32751383095742337,0.9357538027354954,0.32751383095742337,0.0,0.0,0.001313097454650497,-0.001313097454650497,-0.018637904157080554,0.022524476090172225,,,
6.089920899947174,1446.127460037,odom,navigating,1,2,,0.3320172637940885,-0.001133014963811213,0.01930149214701915,0.4483994390576675,-0.1577153548474817,-0.6411523707491376,-0.6246181731651854,-3.092771053314209,-0.01991453221067795,0.01991453221067795,0.018133522999960405,pixhawk_fused,True,0.8,0.2,gyro,-1.0,0.04975958913564682,-0.09344947338104248,0.05,0.0,0.04758308600003147,0.05686922507047653,0.04264995320081711,0.05,0.05,,,1,0.3320172637940885,0.3320172637940885,0.9486207536973958,0.3320172637940885,0.0,0.0,0.001133014963811213,-0.001133014963811213,-0.01930149214701915,0.018018394056064452,,,
6.427565199905075,,mission_status,turning,1,2,final alignment at waypoint 1/2,0.3320172637940885,-0.001133014963811213,0.01930149214701915,,,,,,,,,,,,,,,,,,,,,,,,,,,,,,,,,,,,,final,0.0,
6.427690299926326,1446.244535744,odom,turning,1,2,,0.33575443261694626,-0.0010074135498330805,0.017143706842112083,0.4514277865155732,-0.1599088265705566,-0.6433101560540446,-0.6354077288450112,-3.092771053314209,-0.01991453221067795,0.01991453221067795,0.1357294469999033,pixhawk_fused,True,0.8,0.2,gyro,-1.0,0.018094222992658615,-0.23783153295516968,0.0,0.0,0.005864788000053522,0.036188446019887924,-3.4570693530078245e-11,0.0,0.0,0.03618844598531723,0.9999999980894071,1,0.33575443261694626,0.33575443261694626,0.9592983789055608,0.33575443261694626,0.0,0.0,0.0010074135498330805,-0.0010074135498330805,-0.017143706842112083,0.014281143936166708,final,0.0,-0.017143706842112083
6.427911499980837,1446.364295497,odom,turning,1,2,,0.33738275955478836,-0.000981407750210439,-0.005175850724396858,0.45272965281486927,-0.16088722784655404,-0.6656297136205536,-0.6577188860393195,-3.0707321166992188,-0.042236189808696596,0.042236189808696596,0.03313746800017725,pixhawk_fused,True,0.8,0.2,gyro,-1.0,0.005136747378855944,-0.0675177052617073,0.0,0.0,0.06355990900010511,0.010273494395166635,3.6254525249967973e-10,0.0,0.0,,,1,0.3373827595547884,0.3373827595547884,0.9639507415851097,0.3373827595547884,0.0,0.0,0.000981407750210439,-0.000981407750210439,0.005175850724396858,0.01265535134338265,final,0.0,0.005175850724396858
6.428069100016728,1446.464312578,odom,turning,1,2,,0.33738275955478836,-0.000981407750210439,-0.005175850724396858,0.45272965281486927,-0.16088722784655404,-0.6656297136205536,-0.6577188860393195,-3.0707321166992188,-0.042236189808696596,0.042236189808696596,0.1331413270002031,pixhawk_fused,True,0.8,0.2,gyro,-1.0,0.0,0.0,0.0,0.0,0.011406503999978668,0.0,0.0,0.0,0.0,,,1,0.3373827595547884,0.3373827595547884,0.9639507415851097,0.3373827595547884,0.0,0.0,0.000981407750210439,-0.000981407750210439,0.005175850724396858,0.01265535134338265,final,0.0,0.005175850724396858
6.767856699996628,1446.584158552,odom,turning,1,2,,0.33738275955478836,-0.000981407750210439,-0.015480444833807172,0.45272965281486927,-0.16088722784655404,-0.6759343077299639,-0.6577188860393195,-3.0616111755371094,-0.05511671569570908,0.05511671569570908,0.10653197199985698,pixhawk_fused,True,0.8,0.2,gyro,-1.0,0.0,0.0,0.0,0.0,0.007139514000073177,0.0,0.0,0.0,0.0,,,1,0.3373827595547884,0.3373827595547884,0.9639507415851097,0.3373827595547884,0.0,0.0,0.000981407750210439,-0.000981407750210439,0.015480444833807172,0.01265535134338265,final,0.0,0.015480444833807172
6.76809939998202,,mission_status,reached,1,2,reached waypoint 1/2,0.33738275955478836,-0.000981407750210439,-0.015480444833807172,,,,,,,,,,,,,,,,,,,,,,,,,,,,,,,,,,,,,,,
6.76817850000225,,mission_status,navigating,2,2,backing to waypoint 2/2,0.33738275955478836,-0.000981407750210439,-0.015480444833807172,,,,,,,,,,,,,,,,,,,,,,,,,,,,,,,,,,,,,,,
6.768265099963173,1446.684994716,odom,navigating,2,2,,0.33738275955478836,-0.000981407750210439,-0.015264370429331042,0.45272965281486927,-0.16088722784655404,-0.6757182333254877,-0.6577188860393195,-3.0616469383239746,-0.05484663099236795,0.05484663099236795,0.0978364390000479,pixhawk_fused,True,0.8,0.2,gyro,-1.0,0.0,0.0,-0.16,0.017915465332159403,0.005547364999983984,0.0,0.0,-0.1613630086024707,-0.15863699139752932,,,2,0.3626172404452116,0.01261724044521162,0.036049258414890345,0.33738275955478836,0.0,3.141592653589793,0.000981407750210439,0.000981407750210439,0.015264370429331042,0.3373841869530585,,,
6.768482099985704,1446.804369144,odom,navigating,2,2,,0.33738275955478836,-0.000981407750210439,-0.015260949301954763,0.45272965281486927,-0.16088722784655404,-0.6757148121981115,-0.6577188860393195,-3.061688184738159,-0.0548423547130079,0.0548423547130079,0.10505230700005086,pixhawk_fused,True,0.8,0.2,gyro,-1.0,0.0,0.0,-0.16,0.017910504697463796,0.0038700499999322346,0.0,0.0,-0.16136263119738306,-0.15863736880261695,,,2,0.3626172404452116,0.01261724044521162,0.036049258414890345,0.33738275955478836,0.0,3.141592653589793,0.000981407750210439,0.000981407750210439,0.015260949301954763,0.3373841869530585,,,
7.086481699952856,1446.904752841,odom,navigating,2,2,,0.33738275955478836,-0.000981407750210439,-0.015257008480104362,0.45272965281486927,-0.16088722784655404,-0.6757108713762611,-0.6577188860393195,-3.061701536178589,-0.054837428835220726,0.054837428835220726,0.014844616000118549,pixhawk_fused,True,0.8,0.2,gyro,-1.0,0.0,0.0,-0.16,0.017910504697463796,0.022812158000078853,0.0,0.0,-0.16136263119738306,-0.15863736880261695,,,2,0.3626172404452116,0.01261724044521162,0.036049258414890345,0.33738275955478836,0.0,3.141592653589793,0.000981407750210439,0.000981407750210439,0.015257008480104362,0.3373841869530585,,,
7.086657300009392,1447.004991022,odom,navigating,2,2,,0.33738275955478836,-0.000981407750210439,-0.015246937693499829,0.45272965281486927,-0.16088722784655404,-0.6757008005896565,-0.6577188860393195,-3.0617082118988037,-0.05482484073378155,0.05482484073378155,0.0069015909998597635,pixhawk_fused,True,0.8,0.2,gyro,-1.0,0.0,0.0,-0.16,0.017904790505780716,0.041741876999822125,0.0,0.0,-0.1613621964616798,-0.15863780353832022,,,2,0.3626172404452116,0.01261724044521162,0.036049258414890345,0.33738275955478836,0.0,3.141592653589793,0.000981407750210439,0.000981407750210439,0.015246937693499829,0.3373841869530585,,,
7.086774299968965,1447.124408715,odom,navigating,2,2,,0.33738275955478836,-0.000981407750210439,-0.015246937693499829,0.45272965281486927,-0.16088722784655404,-0.6757008005896565,-0.6577188860393195,-3.0617082118988037,-0.05482484073378155,0.05482484073378155,0.1264342269998906,pixhawk_fused,True,0.8,0.2,gyro,-1.0,0.0,0.0,-0.16,0.017890187865204143,0.03261638399999356,0.0,0.0,-0.16136108549278474,-0.15863891450721526,,,2,0.3626172404452116,0.01261724044521162,0.036049258414890345,0.33738275955478836,0.0,3.141592653589793,0.000981407750210439,0.000981407750210439,0.015246937693499829,0.3373841869530585,,,
7.424001000006683,1447.24506082,odom,navigating,2,2,,0.337284047665246,-0.0009816743419668594,-0.015498052034229381,0.45265153511819284,-0.16082688106806373,-0.6759519149303861,-0.6590712266919795,-3.0617339611053467,-0.05480068772099921,0.05480068772099921,0.06883726499995646,pixhawk_fused,True,0.8,0.2,gyro,-1.0,-0.005144194234162569,-0.06761559098958969,-0.16,0.017862169521951132,0.03088803199989343,-7.167458553752892e-11,-0.010288388396650552,-0.16135895385723004,-0.15864104614276997,,,2,0.36271595233475395,0.012715952334753977,0.036331292385011364,0.337284047665246,0.0,3.141592653589793,0.0009816743419668594,0.0009816743419668594,0.015498052034229381,0.3372854762570805,,,
7.424145599943586,1447.363493023,odom,navigating,2,2,,0.33540824093834076,-0.0009738868194944517,-0.018952485937104302,0.451174961964324,-0.15966996998959526,-0.679406348833261,-0.667184919393854,-3.0590128898620605,-0.057090423518791886,0.057090423518791886,0.029458843999918827,pixhawk_fused,True,0.8,0.2,gyro,-1.0,-0.03600575774908066,-0.06760884821414948,-0.16,0.020175188405785444,0.02753934699990168,-0.030862076576948165,-0.04114943892121315,-0.16153492833391217,-0.15846507166608784,,,2,0.3645917590616592,0.014591759061659215,0.04169074017616919,0.33540824093834076,0.0,3.141592653589793,0.0009738868194944517,0.0009738868194944518,0.018952485937104302,0.33540965481764123,,,
7.424287799978629,1447.463903813,odom,navigating,2,2,,0.33057070453102716,-0.0009048683357190113,-0.023280951771286862,0.447397033460162,-0.1566477558574352,-0.6837348146674436,-0.6888275544261329,-3.0590128898620605,-0.057090423518791886,0.057090423518791886,0.12968058000001292,pixhawk_fused,True,0.8,0.2,gyro,-1.0,-0.06204669177532196,-0.2718484401702881,-0.16,0.028106463031749362,0.005455902999983664,-0.04136446244716645,-0.08272892110347747,-0.1621383397074555,-0.1578616602925445,0.041364458656311026,3.000000183290464,2,0.3694292954689728,0.019429295468972818,0.05551227276849377,0.33057070453102716,0.0,3.141592653589793,0.0009048683357190113,0.0009048683357190113,0.023280951771286862,0.3305719429728492,,,
7.747333699953742,1447.564642988,odom,navigating,2,2,,0.32312016740323213,-0.0006390043877606555,-0.034205469069341854,0.44167634185827614,-0.1518670786326492,-0.6946593319654986,-0.703031219918713,-3.0474495887756348,-0.06719517152942726,0.06719517152942726,0.07486555100012993,pixhawk_fused,True,0.8,0.2,gyro,-1.0,-0.09002545475959778,-0.1013963371515274,-0.16,0.044789651960817606,0.024019163000048138,-0.08231122142910957,-0.09773968809008599,-0.163407596721179,-0.156592403278821,,,2,0.3768798325967678,0.026879832596767853,0.07679952170505101,0.32312016740323213,0.0,3.141592653589793,0.0006390043877606555,0.0006390043877606555,0.034205469069341854,0.3231207992520759,,,
7.74763030000031,1447.665983508,odom,navigating,2,2,,0.3133107459450931,-0.00016600967036506376,-0.06694714315123096,0.43421987617998414,-0.14547571000499698,-0.7274010060473877,-0.7131758485215888,-3.0094993114471436,-0.10558597161807129,0.10558597161807129,0.07323021700017307,pixhawk_fused,True,0.8,0.2,gyro,-1.0,-0.10787709057331085,0.0,-0.16,0.09580861957259142,0.0033068530001401086,-0.10787709057331085,-0.10787709057331085,-0.16728911977708275,-0.15271088022291726,,,2,0.38668925405490684,0.03668925405490686,0.10482644015687675,0.3133107459450931,0.0,3.141592653589793,0.00016600967036506376,0.00016600967036506376,0.06694714315123096,0.3133107899257243,,,
7.748234699945897,1447.784685878,odom,navigating,2,2,,0.299804780741232,0.0005806843427740294,-0.07444275925618093,0.42401210636849285,-0.13660045882473332,-0.7348966221523376,-0.7172463977708713,-3.0012166500091553,-0.11393775209225723,0.11393775209225723,0.0728444460000901,pixhawk_fused,True,0.8,0.2,gyro,-1.0,-0.12068947404623032,0.03375212475657463,-0.16,0.10842951004707438,0.036707119000084276,-0.12325733569771051,-0.11812161239475012,-0.16824931712438143,-0.15175068287561858,,,2,0.40019521925876794,0.050195219258767965,0.14341491216790847,0.299804780741232,0.0,3.141592653589793,0.0005806843427740294,-0.0005806843427740294,0.07444275925618093,0.2998053430971572,,,
8.066393799963407,1447.904446411,odom,navigating,2,2,,0.284319995608183,0.001455514384856138,-0.07370810818895135,0.41232024328811584,-0.126410059621123,-0.7341619710851081,-0.714526943215389,-3.0004544258117676,-0.11369922098424294,0.11369922098424294,0.006304116999899634,pixhawk_fused,True,0.8,0.2,gyro,-1.0,-0.1388896405696869,0.06756830215454102,-0.16,0.1139615748538,0.032201539000197954,-0.14403023699760437,-0.1337490441417694,-0.16867019661487712,-0.1513298033851229,,,2,0.41568000439181696,0.06568000439181698,0.18765715540519137,0.284319995608183,0.0,3.141592653589793,0.001455514384856138,-0.001455514384856138,0.07370810818895135,0.2843237211784513,,,
8.066564699984156,1448.004574805,odom,navigating,2,2,,0.2705148494656207,0.0021745666643141204,-0.07235584370211634,0.4018592486150702,-0.11737309737440492,-0.732809706598273,-0.7077643488950847,-3.0004544258117676,-0.11369922098424294,0.11369922098424294,0.10643969600005221,pixhawk_fused,True,0.8,0.2,gyro,-1.0,-0.14732037484645844,0.1019636020064354,-0.16,0.11630287720048141,0.010778402000141796,-0.15507776568710804,-0.13956298400580883,-0.16884832289741264,-0.15115167710258737,,,2,0.42948515053437925,0.07948515053437927,0.22710043009822647,0.2705148494656207,0.0,3.141592653589793,0.0021745666643141204,-0.0021745666643141204,0.07235584370211634,0.2705235895843188,,,
8.066677499911748,1448.104704644,odom,navigating,2,2,,0.25640870056274423,0.002767227053028065,-0.06498733063497752,0.39108300957677666,-0.10825129078820549,-0.7254411935311342,-0.6955926343572852,-3.007084608078003,-0.1075310831805692,0.1075310831805692,0.026432213000134652,pixhawk_fused,True,0.8,0.2,gyro,-1.0,-0.1494355946779251,0.13546137511730194,-0.16,0.11684950320496541,0.02917723800010208,-0.15974149609684943,-0.1391296932590008,-0.16888991020383376,-0.15111008979616625,0.020611802837848636,14.500002338807771,2,0.4435912994372557,0.09359129943725573,0.26740371267787355,0.25640870056274423,0.0,3.141592653589793,0.002767227053028065,-0.002767227053028065,0.06498733063497752,0.25642363243242233,,,
8.407856300007552,1448.227146778,odom,navigating,2,2,,0.2383237611460406,0.0033486297270900744,-0.047777467240686766,0.37715775811719,-0.09669748472429185,-0.7082313301368435,-0.6874599393606762,-3.025505542755127,-0.08805261639412501,0.08805261639412501,0.036728935000155616,pixhawk_fused,True,0.8,0.2,gyro,-1.0,-0.1604989916086197,0.0973159596323967,-0.16,0.11140262532527177,0.029160664999835717,-0.16790278981745244,-0.15309519339978694,-0.16847551173474667,-0.15152448826525333,,,2,0.46167623885395936,0.11167623885395939,0.3190749681541697,0.2383237611460406,0.0,3.141592653589793,0.0033486297270900744,-0.0033486297270900744,0.047777467240686766,0.23834728537964128,,,
8.40803579997737,1448.343467663,odom,navigating,2,2,,0.220087162167597,0.003756395370436816,-0.04561715792265664,0.36300621696086205,-0.08518776283272478,-0.7060710208188133,-0.6766558163012867,-3.025505542755127,-0.08805261639412501,0.08805261639412501,0.15388990400015246,pixhawk_fused,True,0.8,0.2,gyro,-1.0,-0.1568743884563446,0.10140819847583771,-0.16,0.09047068521679168,0.0246450659999482,-0.16458952419638634,-0.14915925271630287,-0.16688300973129352,-0.15311699026870648,,,2,0.47991283783240296,0.12991283783240298,0.37117953666400855,0.220087162167597,0.0,3.141592653589793,0.003756395370436816,-0.003756395370436816,0.04561715792265664,0.2201192164649992,,,
8.408147100009955,1448.445349297,odom,navigating,2,2,,0.20557906788096442,0.003944681483702625,-0.034282897653637234,0.35166448242946113,-0.07613871264447304,-0.6947367605497939,-0.6698946746924676,-3.0378949642181396,-0.07557547179516413,0.07557547179516413,0.06539771600000677,pixhawk_fused,True,0.8,0.2,gyro,-1.0,-0.14898797869682312,0.06752784550189972,-0.16,0.07732514856495402,0.004195472999981575,-0.15412549718260765,-0.1438504602110386,-0.1658828973028217,-0.1541171026971783,,,2,0.49442093211903554,0.14442093211903556,0.4126312346258159,0.20557906788096442,0.0,3.141592653589793,0.003944681483702625,-0.003944681483702625,0.034282897653637234,0.20561690996319842,,,
8.767351499991491,1448.56558914,odom,navigating,2,2,,0.18765258682290115,0.004027487312231598,-0.020366055228023927,0.3375584908671323,-0.06507586572454113,-0.6808199181241806,-0.6584034690300395,-3.0517754554748535,-0.061052379026077776,0.061052379026077776,0.07193744100004551,pixhawk_fused,True,0.8,0.2,gyro,-1.0,-0.1577535718679428,0.034044213593006134,-0.16,0.060381647506185465,0.0025304359999154258,-0.16034365563809871,-0.1551634880977869,-0.1645938357422706,-0.1554061642577294,,,2,0.5123474131770989,0.16234741317709883,0.4638497519345681,0.18765258682290115,0.0,3.141592653589793,0.004027487312231598,-0.004027487312231598,0.020366055228023927,0.18769580175213466,,,
8.767513899947517,1448.684725717,odom,navigating,2,2,,0.17072020830128284,0.003896418407311031,-0.010575157534576718,0.32410634900095986,-0.05479177603854708,-0.6710290204307334,-0.6455543356747868,-3.0611276626586914,-0.052025834477506666,0.052025834477506666,0.08221505200003776,pixhawk_fused,True,0.8,0.2,gyro,-1.0,-0.13901136815547943,0.1353461593389511,-0.15228264998708113,0.04917405387495286,0.03304771499983872,-0.14930850395798684,-0.12871423235297202,-0.15602381200588755,-0.1485414879682747,0.020594271605014813,13.5000033816811,2,0.5292797916987171,0.17927979169871713,0.512227976282049,0.17072020830128284,0.0,3.141592653589793,0.003896418407311031,-0.003896418407311031,0.010575157534576718,0.17076466730222103,,,
8.767614900018089,1448.804493458,odom,navigating,2,2,,0.15443302239266044,0.003604021501419724,-0.0015166468737524141,0.31106475394623695,-0.045030899069686665,-0.6619705097699091,-0.6387941888072727,-3.070457935333252,-0.04239289235975602,0.04239289235975602,0.002341216000104396,pixhawk_fused,True,0.8,0.2,gyro,-1.0,-0.14401930570602417,0.0675598755478859,-0.1359713774204097,0.04762845545473202,0.031611400999963735,-0.14915926103770732,-0.13887935037434102,-0.13959495031140573,-0.1323478045294137,,,2,0.5455669776073395,0.19556697760733954,0.5587627931638273,0.15443302239266044,0.0,3.141592653589793,0.003604021501419724,-0.003604021501419724,0.0015166468737524141,0.15447507040398026,,,
9.111050399951637,1448.925458155,odom,navigating,2,2,,0.13855476711665798,0.003163869927313684,0.012095514732956558,0.29825545324283137,-0.03563757487067062,-0.6483583481632001,-0.6266170359733652,-3.0870778560638428,-0.028422063409350894,0.028422063409350894,0.02445484800000486,pixhawk_fused,True,0.8,0.2,gyro,-1.0,-0.14080016314983368,0.03360283374786377,-0.1224491945084075,0.021497093338798588,0.029930177999858643,-0.14335666674137115,-0.1382436595582962,-0.12408469336962329,-0.1208136956471917,,,2,0.5614452328833419,0.211445232883342,0.6041292368095486,0.13855476711665798,0.0,3.141592653589793,0.003163869927313684,-0.003163869927313684,-0.012095514732956558,0.1385908855721338,,,
9.11123169993516,1449.044022286,odom,navigating,2,2,,0.12399023638644588,0.002606021710935158,0.014125695164995178,0.28641141505933876,-0.027143134952007396,-0.6463281677311615,-0.6164635777440243,-3.0870778560638428,-0.028422063409350894,0.028422063409350894,0.14336367800001426,pixhawk_fused,True,0.8,0.2,gyro,-1.0,-0.12088533490896225,0.10138116776943207,-0.1094006552192654,0.011683910000346036,0.026921007000055397,-0.12859841415286064,-0.11317225566506386,-0.11028956709209173,-0.10851174334643907,,,2,0.576009763613554,0.2260097636135541,0.6457421817530118,0.12399023638644588,0.0,3.141592653589793,0.002606021710935158,-0.002606021710935158,-0.014125695164995178,0.12401761999137297,,,
9.111357799964026,1449.14488033,odom,navigating,2,2,,0.11274587621320739,0.0021037628487356116,0.021687099209462546,0.2772234643436237,-0.020641638100069262,-0.6387667636866942,-0.615126290603995,-3.0957911014556885,-0.019305154501460572,0.019305154501460572,0.06729634999987866,pixhawk_fused,True,0.8,0.2,gyro,-1.0,-0.10342153906822205,0.0,-0.09753694317236321,-0.003724695780641257,0.0060494900001231144,-0.10342153906822205,-0.10342153906822205,-0.09725356831737202,-0.0978203180273544,,,2,0.5872541237867925,0.23725412378679256,0.6778689251051216,0.11274587621320742,0.0,3.141592653589793,0.0021037628487356116,-0.0021037628487356116,-0.021687099209462546,0.11276550191085749,,,
9.428465700009838,1449.264224137,odom,navigating,2,2,,0.10007265413515484,0.0015723783048737436,0.02426966983591239,0.26688925366291455,-0.013286570664633323,-0.6361841930602443,-0.6198562229324459,-3.098968505859375,-0.014894804182462473,0.014894804182462473,0.0748349349998989,pixhawk_fused,True,0.8,0.2,gyro,-1.0,-0.10790401697158813,0.0,-0.08683169962103235,-0.011678525294816966,0.0035853869999300514,-0.10790401697158813,-0.10790401697158813,-0.08594319741660267,-0.08772020182546203,,,2,0.5999273458648451,0.24992734586484514,0.7140781310424147,0.10007265413515484,0.0,3.141592653589793,0.0015723783048737436,-0.0015723783048737436,-0.02426966983591239,0.10008500626561384,,,
9.428619400016032,1449.364317763,odom,navigating,2,2,,0.09089555914316409,0.001194664433880853,0.024811416723767188,0.2594102562331654,-0.007954935108242833,-0.6356424461723895,-0.6171471801081264,-3.098968505859375,-0.014894804182462473,0.014894804182462473,0.1744212510000125,pixhawk_fused,True,0.8,0.2,gyro,-1.0,-0.07988675683736801,0.10161639750003815,-0.08011988857088387,-0.014701443272390563,0.021773598999971,-0.08761773235917092,-0.0721557813155651,-0.0790014027667204,-0.08123837437504734,,,2,0.6091044408568358,0.25910444085683587,0.7402984024481025,0.0908955591431641,0.0,3.141592653589793,0.001194664433880853,-0.001194664433880853,-0.024811416723767188,0.09090340969984581,,,
9.428726300015114,1449.465328601,odom,navigating,2,2,,0.0832503594756709,0.0008631988456421005,0.024399476194636227,0.2531693899834255,-0.00352655664148078,-0.6360543867015205,-0.6151196368257648,-3.0982818603515625,-0.01591650440916427,0.01591650440916427,0.08399748500005444,pixhawk_fused,True,0.8,0.2,gyro,-1.0,-0.07979483157396317,-0.033833153545856476,-0.07446411544367036,-0.01715185518695813,0.04117715000006683,-0.07722080525219441,-0.08236885789573192,-0.07315920230104658,-0.07576902858629414,,,2,0.6167496405243291,0.2667496405243291,0.7621418300695117,0.08325035947567089,0.0,3.141592653589793,0.0008631988456421005,-0.0008631988456421005,-0.024399476194636227,0.08325483448470453,,,
9.76829869998619,1449.585474344,odom,navigating,2,2,,0.07610218213231769,0.0005159308265463916,0.030421179280154198,0.2473113347597118,0.0005844314885234343,-0.6300326836160025,-0.6103467083043208,-3.1039228439331055,-0.009582668067887505,0.009582668067887505,0.08926985399989462,pixhawk_fused,True,0.8,0.2,gyro,-1.0,-0.051432814449071884,0.06758683919906616,-0.06644889778377533,-0.03191043613921563,0.033790432000159853,-0.05657482117533684,-0.04629080772280693,-0.0640211518023038,-0.06887664376524685,,,2,0.6238978178676823,0.2738978178676823,0.7825651939076638,0.07610218213231768,0.0,3.141592653589793,0.0005159308265463916,-0.0005159308265463916,-0.030421179280154198,0.0761039309754643,,,
9.768652500002645,1449.703895347,odom,navigating,2,2,,0.06924925623084935,0.0001610459436666295,0.0333088349411812,0.24168177093941728,0.004508274997679157,-0.6271450279549755,-0.6069828426594905,-3.107125759124756,-0.006814042748883446,0.006814042748883446,0.03062874399984139,pixhawk_fused,True,0.8,0.2,gyro,-1.0,-0.06430885195732117,-0.10143351554870605,-0.06075148894130695,-0.0395354888953731,0.02936571999998705,-0.05659179009437561,-0.07202591382026673,-0.057743628946146965,-0.06375934893646694,,,2,0.6307507437691506,0.28075074376915066,0.8021449821975734,0.06924925623084932,0.0,3.141592653589793,0.0001610459436666295,-0.0001610459436666295,-0.0333088349411812,0.0692494434946722,,,
9.768826499930583,1449.804746821,odom,navigating,2,2,,0.063827217766317,-0.0001406369167451134,0.03707205105359468,0.23721483691623518,0.007596318729829434,-0.623381811842562,-0.6042749119928398,-3.1118674278259277,-0.0027870529610664442,0.0027870529610664442,0.023262826000063797,pixhawk_fused,True,0.8,0.2,gyro,-1.0,-0.05918344482779503,0.03384161368012428,-0.055216996560698006,-0.05529124121570824,0.008719924999923023,-0.06175811479657888,-0.056608774859011175,-0.051010438929006925,-0.05942355419238909,,,2,0.6361727822336829,0.286172782233683,0.8176365206676657,0.063827217766317,0.0,3.141592653589793,0.0001406369167451134,0.0001406369167451134,-0.03707205105359468,0.06382737270584779,,,
10.10642490000464,1449.905972073,odom,navigating,2,2,,0.058987762292860436,-0.00042062801884477224,0.04145890907510397,0.23322128412560297,0.010344092447815947,-0.6189949538210527,-0.6015763432014053,-3.118269443511963,0.002021811334416191,-0.002021811334416191,0.05202057400015292,pixhawk_fused,True,0.8,0.2,gyro,-1.0,-0.05192709341645241,-0.032501570880413055,-0.055,-0.06758347432705056,0.028691249000075914,-0.049454373903870585,-0.05439981292903423,-0.04985824927319799,-0.06014175072680201,,,2,0.6410122377071394,0.2910122377071395,0.831463536306113,0.05898776229286046,0.0,3.141592653589793,0.00042062801884477224,0.00042062801884477224,-0.04145890907510397,0.05898926197410207,,,
10.106587899965234,1450.025627481,odom,navigating,2,2,,0.054020416034041084,-0.00071093563010537,0.042314751336693934,0.22912040528282035,0.013162176917980084,-0.6181391115594628,-0.603627714599561,-3.118853807449341,0.0036043699365108416,-0.0036043699365108416,0.11697065799990014,pixhawk_fused,True,0.8,0.2,gyro,-1.0,-0.03348825126886368,0.03384840115904808,-0.055,-0.07818707078765001,0.025973075000138124,-0.03606343762904406,-0.0309130649086833,-0.04905152765447559,-0.06094847234552441,,,2,0.645979583965959,0.29597958396595897,0.8456559541884542,0.05402041603404101,0.0,3.141592653589793,0.00071093563010537,0.00071093563010537,-0.042314751336693934,0.05402509396531427,,,
10.106706999940798,1450.143799589,odom,navigating,2,2,,0.048356838852510645,-0.0010259742803378526,0.04034324059044514,0.2244545313348117,0.016387851443344776,-0.6201106223057116,-0.6083508223660206,-3.1172635555267334,0.0023207026049493953,-0.0023207026049493953,0.05511343000011948,pixhawk_fused,True,0.8,0.2,gyro,-1.0,-0.05374002829194069,-0.10090887546539307,-0.055,-0.08533634937624059,0.023072234999972352,-0.04606288104653358,-0.061417175537347796,-0.04850761053945562,-0.06149238946054438,,,2,0.6516431611474893,0.30164316114748935,0.8618376032785411,0.04835683885251063,0.0,3.141592653589793,0.0010259742803378526,0.0010259742803378526,-0.04034324059044514,0.048367721540626636,,,
10.448296200018376,1450.245881277,odom,navigating,2,2,,0.04277830744406971,-0.0012967967337072644,0.031957967519153474,0.21988294476044526,0.01959627062875113,-0.6284958953770032,-0.6198712941878476,-3.108844041824341,-0.005280809246003707,0.005280809246003707,0.05215031300008377,pixhawk_fused,True,0.8,0.2,gyro,-1.0,-0.06723075360059738,-0.20392730832099915,-0.055,-0.08828604990805473,0.0026074909999351803,-0.05171596398353577,-0.08274554321765899,-0.0482831973229952,-0.0617168026770048,0.031029579234123222,4.333333242666966,2,0.6572216925559302,0.30722169255593024,0.877776264445515,0.04277830744406974,0.0,3.141592653589793,0.0012967967337072644,0.0012967967337072644,-0.031957967519153474,0.042797958707722315,,,
10.44879359996412,1450.364878506,odom,navigating,2,2,,0.036220734971245734,-0.0015607580944040772,0.031011838085887256,0.21454240498041616,0.023410725661151748,-0.6294420248102695,-0.624602023877489,-3.108844041824341,-0.005280809246003707,0.005280809246003707,0.17091015599999082,pixhawk_fused,True,0.8,0.2,gyro,-1.0,-0.05907260254025459,-0.10127656906843185,-0.055,-0.09882360912493178,0.03971359399997709,-0.0513674811655283,-0.0667777239149809,-0.04748149981777519,-0.06251850018222481,,,2,0.6637792650287542,0.31377926502875425,0.8965121857964408,0.03622073497124573,0.0,3.141592653589793,0.0015607580944040772,0.0015607580944040772,-0.031011838085887256,0.03625434605239035,,,
10.44913219998125,1450.485320497,odom,navigating,2,2,,0.03025292546966357,-0.0017415874858187734,0.01905842466798424,0.20971860861705474,0.026929026125977768,-0.6413954382281725,-0.6388082904190525,-3.0952696800231934,-0.016671013135463077,0.016671013135463077,0.09497987500003546,pixhawk_fused,True,0.8,0.2,gyro,-1.0,-0.051216643303632736,-0.06731943786144257,-0.055,-0.10529217603782255,0.031798974999901475,-0.04609498047113419,-0.056338306136131285,-0.04698937124704246,-0.06301062875295754,,,2,0.6697470745303364,0.3197470745303364,0.9135630700866755,0.030252925469663572,0.0,3.141592653589793,0.0017415874858187734,0.0017415874858187732,-0.01905842466798424,0.030303013487832844,,,
10.789880699943751,1450.604419318,odom,navigating,2,2,,0.0242278905499686,-0.0018670925211488627,0.007885424504401994,0.20488356067476135,0.030526123385319164,-0.6525684383917547,-0.6469242508147668,-3.0837955474853516,-0.02860826689377435,0.02860826689377435,0.09571932899984859,pixhawk_fused,True,0.8,0.2,gyro,-1.0,-0.05401133745908737,-0.16903048753738403,-0.055,-0.1140412613494662,0.030446859999983644,-0.0411514979672432,-0.06687117695093155,-0.04632374083653261,-0.06367625916346739,0.02571967898368835,4.200000901515282,2,0.6757721094500313,0.3257721094500314,0.9307774555715183,0.0242278905499686,0.0,3.141592653589793,0.0018670925211488627,0.0018670925211488627,-0.007885424504401994,0.024299726644219432,,,
10.790169699932449,1450.724519109,odom,navigating,2,2,,0.017760851833384564,-0.0019136877874731707,0.0005616083430569629,0.19974786539655867,0.03445669521268569,-0.6598922545530997,-0.6638319865838403,-3.0788896083831787,-0.03353611256554731,0.03353611256554731,0.04341896200003248,pixhawk_fused,True,0.8,0.2,gyro,-1.0,-0.04629697650671005,-0.2028569132089615,0.0,0.0,0.0067610389999117615,-0.030863622549772263,-0.06173033046364784,0.0,0.0,0.03086670791387558,2.999800084666501,2,0.6822391481666155,0.33223914816661543,0.9492547090474728,0.01776085183338455,0.0,3.141592653589793,0.0019136877874731707,0.0019136877874731705,-0.0005616083430569629,0.017863651888551896,,,
10.790322299930267,1450.82617816,odom,navigating,2,2,,0.016376496659612997,-0.00190893845596789,-0.010399627369780617,0.19865753449990245,0.03530971358241444,-0.6708534902659373,-0.6706193835256206,-3.0661444664001465,-0.04554080558195718,0.04554080558195718,0.016538232000129938,pixhawk_fused,True,0.8,0.2,gyro,-1.0,-0.00771744828671217,-0.10143858939409256,0.0,0.0,0.0061266760001217335,-4.056096084004146e-10,-0.015434896167814731,0.0,0.0,,,2,0.683623503340387,0.333623503340387,0.9532100095439628,0.016376496659612994,0.0,3.141592653589793,0.00190893845596789,0.0019089384559678897,0.010399627369780617,0.016487379684807065,,,
11.127286599949002,,mission_status,turning,2,2,final alignment at waypoint 2/2,0.016376496659612997,-0.00190893845596789,-0.010399627369780617,,,,,,,,,,,,,,,,,,,,,,,,,,,,,,,,,,,,,final,0.0,
11.127412499976344,1450.944285779,odom,turning,2,2,,0.01608028543683533,-0.0019054927533817354,-0.01867430298996542,0.1984257262396698,0.035494152981279406,-0.6791281658861221,-0.674677661281583,-3.051516532897949,-0.05486957722529777,0.05486957722529777,0.07095589699997618,pixhawk_fused,True,0.8,0.2,gyro,-1.0,0.0,0.0,0.0,0.0,0.006637652000108574,0.0,0.0,0.0,0.0,,,2,0.6839197145631646,0.33391971456316466,0.9540563273233277,0.016080285436835318,0.0,3.141592653589793,0.0019054927533817354,0.0019054927533817354,0.01867430298996542,0.016192791061558496,final,0.0,0.01867430298996542
11.127527099917643,1451.064795929,odom,turning,2,2,,0.01608028543683533,-0.0019054927533817354,-0.02038024968108032,0.1984257262396698,0.035494152981279406,-0.680834112577237,-0.674677661281583,-3.0493929386138916,-0.0570020049177111,0.0570020049177111,0.0842153490000328,pixhawk_fused,True,0.8,0.2,gyro,-1.0,0.0,0.0,0.0,0.0,0.04490295100004005,0.0,0.0,0.0,0.0,,,2,0.6839197145631646,0.33391971456316466,0.9540563273233277,0.016080285436835318,0.0,3.141592653589793,0.0019054927533817354,0.0019054927533817354,0.02038024968108032,0.016192791061558496,final,0.0,0.02038024968108032
11.1276958999224,1451.165233161,odom,turning,2,2,,0.01608028543683533,-0.0019054927533817354,-0.02098624724416731,0.1984257262396698,0.035494152981279406,-0.681440110140324,-0.674677661281583,-3.049044609069824,-0.0577594989063219,0.0577594989063219,0.07001440599992748,pixhawk_fused,True,0.8,0.2,gyro,-1.0,0.0,0.0,0.0,0.0,0.011934298999904058,0.0,0.0,0.0,0.0,,,2,0.6839197145631646,0.33391971456316466,0.9540563273233277,0.016080285436835318,0.0,3.141592653589793,0.0019054927533817354,0.0019054927533817354,0.02098624724416731,0.016192791061558496,final,0.0,0.02098624724416731
11.445681000011973,1451.284864617,odom,turning,2,2,,0.01608028543683533,-0.0019054927533817354,-0.020941425449679807,0.1984257262396698,0.035494152981279406,-0.6813952883458365,-0.674677661281583,-3.0491108894348145,-0.05770347190182663,0.05770347190182663,0.011379934999922625,pixhawk_fused,True,0.8,0.2,gyro,-1.0,0.0,0.0,0.0,0.0,0.008667334000165283,0.0,0.0,0.0,0.0,,,2,0.6839197145631646,0.33391971456316466,0.9540563273233277,0.016080285436835318,0.0,3.141592653589793,0.0019054927533817354,0.0019054927533817354,0.020941425449679807,0.016192791061558496,final,0.0,0.020941425449679807
11.445851299911737,,mission_status,reached,2,2,reached waypoint 2/2,0.01608028543683533,-0.0019054927533817354,-0.020941425449679807,,,,,,,,,,,,,,,,,,,,,,,,,,,,,,,,,,,,,,,
11.445901299943216,1451.384931316,odom,reached,2,2,,0.01608028543683533,-0.0019054927533817354,-0.020916574849030534,0.1984257262396698,0.035494152981279406,-0.6813704377451872,-0.674677661281583,-3.0491628646850586,-0.05767240878194578,0.05767240878194578,0.0669130880000921,pixhawk_fused,True,0.8,0.2,gyro,-1.0,0.0,0.0,0.0,0.0,0.005863418999979331,0.0,0.0,0.0,0.0,,,2,0.6839197145631646,0.33391971456316466,0.9540563273233277,0.016080285436835318,0.0,3.141592653589793,0.0019054927533817354,0.0019054927533817354,0.020916574849030534,0.016192791061558496,,,
11.446010299958289,1451.485333234,odom,reached,2,2,,0.01608028543683533,-0.0019054927533817354,-0.02090521278519708,0.1984257262396698,0.035494152981279406,-0.6813590756813538,-0.674677661281583,-3.0491764545440674,-0.0576582062616945,0.0576582062616945,0.08694683800013081,pixhawk_fused,True,0.8,0.2,gyro,-1.0,0.0,0.0,0.0,0.0,0.0036139070000444917,0.0,0.0,0.0,0.0,,,2,0.6839197145631646,0.33391971456316466,0.9540563273233277,0.016080285436835318,0.0,3.141592653589793,0.0019054927533817354,0.0019054927533817354,0.02090521278519708,0.016192791061558496,,,
11.76678930001799,,mission_status,done,2,2,mission complete,0.01608028543683533,-0.0019054927533817354,-0.02090521278519708,,,,,,,,,,,,,,,,,,,,,,,,,,,,,,,,,,,,,,,
11.766923599992879,1451.585577376,odom,done,2,2,,0.01608028543683533,-0.0019054927533817354,-0.02088364320850955,0.1984257262396698,0.035494152981279406,-0.6813375061046663,-0.674677661281583,-3.0492124557495117,-0.05763124440331019,0.05763124440331019,0.010026874999994106,pixhawk_fused,True,0.8,0.2,gyro,-1.0,0.0,0.0,0.0,0.0,0.08356792900008259,0.0,0.0,0.0,0.0,,,2,0.6839197145631646,0.33391971456316466,0.9540563273233277,0.016080285436835318,0.0,3.141592653589793,0.0019054927533817354,0.0019054927533817354,0.02088364320850955,0.016192791061558496,,,
11.767158899921924,1451.704375988,odom,done,2,2,,0.01608028543683533,-0.0019054927533817354,-0.020810727462610146,0.1984257262396698,0.035494152981279406,-0.6812645903587669,-0.674677661281583,-3.049297571182251,-0.057540100095793675,0.057540100095793675,0.014412032999871371,pixhawk_fused,True,0.8,0.2,gyro,-1.0,0.0,0.0,0.0,0.0,0.20250854000005347,0.0,0.0,0.0,0.0,,,2,0.6839197145631646,0.33391971456316466,0.9540563273233277,0.016080285436835318,0.0,3.141592653589793,0.0019054927533817354,0.0019054927533817354,0.020810727462610146,0.016192791061558496,,,
11.767315199947916,1451.804454174,odom,done,2,2,,0.01608028543683533,-0.0019054927533817354,-0.020810727462610146,0.1984257262396698,0.035494152981279406,-0.6812645903587669,-0.674677661281583,-3.049297571182251,-0.057540100095793675,0.057540100095793675,0.11454847599998175,pixhawk_fused,True,0.8,0.2,gyro,-1.0,0.0,0.0,0.0,0.0,0.30269185400015886,0.0,0.0,0.0,0.0,,,2,0.6839197145631646,0.33391971456316466,0.9540563273233277,0.016080285436835318,0.0,3.141592653589793,0.0019054927533817354,0.0019054927533817354,0.020810727462610146,0.016192791061558496,,,
12.867838899954222,1451.924447469,odom,done,2,2,,0.01608028543683533,-0.0019054927533817354,-0.020775974476229808,0.1984257262396698,0.035494152981279406,-0.6812298373723865,-0.674677661281583,-3.0493271350860596,-0.05749665903858848,0.05749665903858848,0.04238618499994118,pixhawk_fused,True,0.8,0.2,gyro,-1.0,0.0,0.0,0.0,0.0,0.006875297999840768,0.0,0.0,0.0,0.0,,,2,0.6839197145631646,0.33391971456316466,0.9540563273233277,0.016080285436835318,0.0,3.141592653589793,0.0019054927533817354,0.0019054927533817354,0.020775974476229808,0.016192791061558496,,,
12.868006699951366,1452.025093764,odom,done,2,2,,0.01608028543683533,-0.0019054927533817354,-0.02074499505705818,0.1984257262396698,0.035494152981279406,-0.6811988579532149,-0.674677661281583,-3.049356460571289,-0.0574579349197448,0.0574579349197448,0.03538675799995872,pixhawk_fused,True,0.8,0.2,gyro,-1.0,0.0,0.0,0.0,0.0,0.0673054599999432,0.0,0.0,0.0,0.0,,,2,0.6839197145631646,0.33391971456316466,0.9540563273233277,0.016080285436835318,0.0,3.141592653589793,0.0019054927533817354,0.0019054927533817354,0.02074499505705818,0.016192791061558496,,,
12.868116799974814,1452.143617278,odom,done,2,2,,0.01608028543683533,-0.0019054927533817354,-0.020732641870766177,0.1984257262396698,0.035494152981279406,-0.6811865047669229,-0.674677661281583,-3.0493714809417725,-0.05744249349832542,0.05744249349832542,0.04054027799998039,pixhawk_fused,True,0.8,0.2,gyro,-1.0,0.0,0.0,0.0,0.0,0.1861878219999653,0.0,0.0,0.0,0.0,,,2,0.6839197145631646,0.33391971456316466,0.9540563273233277,0.016080285436835318,0.0,3.141592653589793,0.0019054927533817354,0.0019054927533817354,0.020732641870766177,0.016192791061558496,,,
12.868214799906127,1452.244603699,odom,done,2,2,,0.01608028543683533,-0.0019054927533817354,-0.020732641870766177,0.1984257262396698,0.035494152981279406,-0.6811865047669229,-0.674677661281583,-3.0493714809417725,-0.05744249349832542,0.05744249349832542,0.14105074100007187,pixhawk_fused,True,0.8,0.2,gyro,-1.0,0.0,0.0,0.0,0.0,0.28671284100005323,0.0,0.0,0.0,0.0,,,2,0.6839197145631646,0.33391971456316466,0.9540563273233277,0.016080285436835318,0.0,3.141592653589793,0.0019054927533817354,0.0019054927533817354,0.020732641870766177,0.016192791061558496,,,
12.868337099906057,1452.344611778,odom,done,2,2,,0.01608028543683533,-0.0019054927533817354,-0.02067858562137581,0.1984257262396698,0.035494152981279406,-0.6811324485175325,-0.674677661281583,-3.0494351387023926,-0.057374923452735024,0.057374923452735024,0.012402425000118456,pixhawk_fused,True,0.8,0.2,gyro,-1.0,0.0,0.0,0.0,0.0,0.38671919800003707,0.0,0.0,0.0,0.0,,,2,0.6839197145631646,0.33391971456316466,0.9540563273233277,0.016080285436835318,0.0,3.141592653589793,0.0019054927533817354,0.0019054927533817354,0.02067858562137581,0.016192791061558496,,,
12.86842610000167,1452.464105245,odom,done,2,2,,0.01608028543683533,-0.0019054927533817354,-0.02067858562137581,0.1984257262396698,0.035494152981279406,-0.6811324485175325,-0.674677661281583,-3.0494351387023926,-0.057374923452735024,0.057374923452735024,0.1319210030001159,pixhawk_fused,True,0.8,0.2,gyro,-1.0,0.0,0.0,0.0,0.0,0.5062184799999159,0.0,0.0,0.0,0.0,,,2,0.6839197145631646,0.33391971456316466,0.9540563273233277,0.016080285436835318,0.0,3.141592653589793,0.0019054927533817354,0.0019054927533817354,0.02067858562137581,0.016192791061558496,,,
12.868516799993813,1452.565284368,odom,done,2,2,,0.01608028543683533,-0.0019054927533817354,-0.020663547056084974,0.1984257262396698,0.035494152981279406,-0.6811174099522417,-0.674677661281583,-3.0494418144226074,-0.057356125319376665,0.057356125319376665,0.08746154400000705,pixhawk_fused,True,0.8,0.2,gyro,-1.0,0.0,0.0,0.0,0.0,0.6071411420000459,0.0,0.0,0.0,0.0,,,2,0.6839197145631646,0.33391971456316466,0.9540563273233277,0.016080285436835318,0.0,3.141592653589793,0.0019054927533817354,0.0019054927533817354,0.020663547056084974,0.016192791061558496,,,
12.868595800013281,1452.684607429,odom,done,2,2,,0.01608028543683533,-0.0019054927533817354,-0.020616476192366506,0.1984257262396698,0.035494152981279406,-0.6810703390885232,-0.674677661281583,-3.0495026111602783,-0.05729728696681567,0.05729728696681567,0.09543940499997916,pixhawk_fused,True,0.8,0.2,gyro,-1.0,0.0,0.0,0.0,0.0,0.7262813719999031,0.0,0.0,0.0,0.0,,,2,0.6839197145631646,0.33391971456316466,0.9540563273233277,0.016080285436835318,0.0,3.141592653589793,0.0019054927533817354,0.0019054927533817354,0.020616476192366506,0.016192791061558496,,,
12.868680199957453,1452.785044803,odom,done,2,2,,0.01608028543683533,-0.0019054927533817354,-0.020602897799299025,0.1984257262396698,0.035494152981279406,-0.6810567606954557,-0.674677661281583,-3.049532651901245,-0.057280314040370366,0.057280314040370366,0.08544462400004704,pixhawk_fused,True,0.8,0.2,gyro,-1.0,0.0,0.0,0.0,0.0,0.8266948939999565,0.0,0.0,0.0,0.0,,,2,0.6839197145631646,0.33391971456316466,0.9540563273233277,0.016080285436835318,0.0,3.141592653589793,0.0019054927533817354,0.0019054927533817354,0.020602897799299025,0.016192791061558496,,,
12.868755199946463,1452.905393864,odom,done,2,2,,0.01608028543683533,-0.0019054927533817354,-0.0206226497216756,0.1984257262396698,0.035494152981279406,-0.6810765126178323,-0.674677661281583,-3.049525022506714,-0.05730500384885826,0.05730500384885826,0.0157981130000735,pixhawk_fused,True,0.8,0.2,gyro,-1.0,0.0,0.0,0.0,0.0,0.9475511170001027,0.0,0.0,0.0,0.0,,,2,0.6839197145631646,0.33391971456316466,0.9540563273233277,0.016080285436835318,0.0,3.141592653589793,0.0019054927533817354,0.0019054927533817354,0.0206226497216756,0.016192791061558496,,,
